id,corporate_number,name,subsidy_count,total_amount
1,8000020040002,宮城県,2073,1121292325461
2,8000020041009,仙台市,522,398400750588
3,1000020042021,石巻市,401,97036106565
4,7370005002147,国立大学法人東北大学,296,27743481410
5,8000020042056,気仙沼市,258,62153480487
6,1000020042145,東松島市,248,19767598461
7,8000020042072,名取市,198,22320729243
8,7000020045811,女川町,197,21709040191
9,6370005005951,宮城県農業共済組合,197,10072298357
10,1000020042137,栗原市,191,24625499286
11,4000020046060,南三陸町,191,20451258610
12,1000020042153,大崎市,185,41888571898
13,1000020042129,登米市,182,29811095735
14,6000020042099,多賀城市,173,16541025030
15,8000020042064,白石市,166,10459514347
16,2000020042111,岩沼市,147,13632536048
17,7000020043419,丸森町,144,24631583403
18,9000020042030,塩竈市,143,19877688878
19,7000020042081,角田市,143,11334247504
20,6000020044211,大和町,141,6545410475
21,5000020044245,大衡村,136,2437662849
22,8000020044440,色麻町,133,2610886518
23,2000020043621,山元町,119,6652871074
24,1000020042161,富谷市,114,5206525618
25,2000020043613,亘理町,113,9171689155
26,3000020044016,松島町,111,6129613502
27,4000020043231,柴田町,110,7723438907
28,7000020044458,加美町,110,6756580735
29,3000020045055,美里町,107,6723429744
30,5000020045012,涌谷町,105,5044463956
31,1000020044067,利府町,102,6173644603
32,5000020043222,村田町,96,3133969309
33,2000020043010,蔵王町,94,3015132796
34,5000020044229,大郷町,93,3726938143
35,5000020043214,大河原町,92,3793917475
36,2000020044041,七ヶ浜町,90,4382755301
37,4370005003271,公益財団法人みやぎ産業振興機構,86,7978332142
38,8370005002146,国立大学法人宮城教育大学,83,593883351
39,3000020043249,川崎町,78,2238796793
40,2700150035681,宮城県医師国民健康保険組合,76,2774803747
41,1700150035682,宮城県建設業国民健康保険組合,67,19997778275
42,2700150035698,宮城県歯科医師国民健康保険組合,63,3830550816
43,1000020043028,七ケ宿町,54,450713169
44,6370202004293,有限会社エイト農産,44,144660102
45,3370202003554,有限会社イーストファームみやぎ,43,91662462
46,2370302003216,有限会社サンダーファーム牛田,41,449789484
47,2370302003422,有限会社アグリードなるせ,41,310106374
48,9370305000856,農事組合法人舟形アグリ,41,251496821
49,2370202003497,有限会社ダイアファーム,41,173526931
50,8370305000824,農事組合法人水沼ファーム,41,167204009
51,8370202004259,有限会社ユーキファーム丸和,41,135263804
52,1370302003217,有限会社高須賀農産,40,423631407
53,1370302003448,有限会社大瓜東部アグリファーム,40,321937081
54,3370301002317,株式会社大地,40,294827397
55,8370205001963,農事組合法人みらいす青生,39,549095155
56,4370301002316,株式会社入沢ファーム,39,535079942
57,7370301002643,株式会社クリーンライス,39,419953067
58,9370205001979,農事組合法人下高城ふぁあむ,39,280678305
59,3370302000187,有限会社アグリサービス高勝,39,231039556
60,7370402001602,有限会社かわつらグリーンサービス,39,216342180
61,6370205001404,農事組合法人吉住米麦,38,335804104
62,2370301002318,株式会社ＪＫファーム,38,301800836
63,9370301003391,株式会社ヒロふぁーむ,38,133722780
64,4370301003363,株式会社めぐいーと,37,306610438
65,5370405000578,農事組合法人ときなみファーム,37,222364528
66,9370205001913,農事組合法人ＫＡＭＩＸ,37,187439845
67,1370005001385,学校法人仙台育英学園,37,148969000
68,9370202003615,有限会社赤坂開発,37,74373103
69,9370301003160,株式会社ぱるファーム大曲,36,249250556
70,7370205001411,農事組合法人涌谷東,36,219421425
71,6370305001048,農事組合法人川の上,36,110729680
72,6700150035496,宮城県国民健康保険団体連合会,35,5210479708
73,1370305000913,農事組合法人真大ファーム,35,243583122
74,2370005009097,農事組合法人なかしだファーム,35,234336329
75,9370305000996,農事組合法人ビッグベリーランドパートナーシップ,35,164649694
76,3370202004032,有限会社平柳カントリー農産,35,131006454
77,5370205001405,農事組合法人大崎あかべこ生産組合,35,89781685
78,4370302003445,有限会社宮城瑞穂会,35,72968931
79,1370201003391,株式会社はなやか,35,70961368
80,8370802001903,有限会社耕谷アグリサービス,34,384631365
81,9370005004075,農事組合法人せんだいあらはま,34,279739004
82,8370005009208,農事組合法人ファームランド大柳,34,267572643
83,6370405000560,農事組合法人サンファーム花島,34,246791148
84,5370005009152,農事組合法人下志田営農,34,208013311
85,4370402001555,有限会社おっとちグリーンステーション,34,199171882
86,5370201002646,株式会社三本木グリーンサービス,34,190616499
87,8370402000256,有限会社豊里グリーンファーム,34,180952209
88,1370301003382,株式会社パスカファーム立沼,34,121818218
89,7370105001610,農事組合法人Ｇｒｅｅｎ５えだの,34,119693728
90,3370402001515,有限会社エヌ・オー・エー,33,396457691
91,8370201003484,株式会社原グリーンサービス,33,265295514
92,4370405000562,農事組合法人下町生産組合,33,180902223
93,5370001022563,株式会社荒浜アグリパートナーズ,33,177956235
94,2370405000564,農事組合法人大曲生産組合,33,156442201
95,9370005009173,農事組合法人ファーム上志田,33,143683295
96,5370205001990,農事組合法人王城寺ファーム,33,112015458
97,3370005009146,株式会社黄金ファーム,33,97582721
98,2370402000261,有限会社ぐりーんずかみやま,33,85608378
99,7370202001447,有限会社大場アグリサービス,33,29268933
100,3000020049361,大崎地域広域行政事務組合,32,5515684879
101,7370102000268,有限会社サン・ファーム韮神,32,164379429
102,3370405000563,農事組合法人ＴＭファーマーズ,32,159392588
103,4370205001406,農事組合法人グリーンサービス大地,32,140026290
104,9370105001633,株式会社舘島田ファームＤｅｒｏ,32,94360377
105,2370201003960,株式会社新屋,32,91903033
106,9370001040751,株式会社こうだいらプランテ,32,70856890
107,5370001041225,株式会社おいかわ,32,60315581
108,9370001012627,東北プランサービス株式会社,32,54790976
109,4000020049328,仙南地域広域行政事務組合,31,1216176318
110,1370305001060,農事組合法人おおしお北部,31,469351857
111,6370401000952,株式会社たいら,31,200204261
112,2370205001424,農事組合法人トレッチェ,31,194924994
113,4370305001058,農事組合法人たてファーム・和,31,194089346
114,1370405000573,農事組合法人六軒農産,31,105718697
115,2370205001408,農事組合法人アグリ高倉,31,92506984
116,8000020049646,石巻地方広域水道企業団,30,2779090000
117,3370802001800,有限会社やさい工房八巻,30,312021792
118,8370405000559,農事組合法人鈴根ファーム,30,232896092
119,1370301003192,株式会社高橋農産,30,225063007
120,8370005008928,農事組合法人笹屋敷護穀組合,30,201261758
121,5370405000586,農事組合法人ＳＫ美野里農産,30,199744180
122,5370005002636,農事組合法人仙台中央アグリサービス,30,192188756
123,6370005009011,農事組合法人大地大沢,30,185489899
124,5370305000975,農事組合法人みのり,30,183345016
125,4370401000640,株式会社耕伸,30,181863667
126,6370105001652,農事組合法人Ｎａｔｕｒｅ,30,181684370
127,6370205002006,農事組合法人月崎さくらファーム,30,101687366
128,4370005002711,農事組合法人西多賀三和ファ－ム,30,78102317
129,9370202001206,有限会社ヨコエ,30,40385839
130,5370005004087,農事組合法人岩切生産組合,29,410284518
131,9370005001428,学校法人朴沢学園,29,222906000
132,5370005009012,農事組合法人朝日の郷,29,194590850
133,9370301002377,株式会社サンエイト,29,162563423
134,1370405000565,農事組合法人加々巻生産組合,29,151925247
135,3370001040014,株式会社グリーンライズ,29,146705752
136,7370405000576,農事組合法人オグリ生産組合,29,119114224
137,9370005009198,農事組合法人じょうぼん,29,113888755
138,5370201004072,株式会社Ａｇｒｉ　Ｆｒｏｎｔ　Ｗ,29,86947278
139,9370202003862,有限会社アグリ・カッパ,29,72238511
140,5370202003412,有限会社富士物産,29,71920943
141,5370005009202,農事組合法人大峰アグリフューチャー,29,46801971
142,7370401000951,株式会社かのファーム,29,42776244
143,8370805000539,農事組合法人玉浦中部ファーム,28,301687687
144,9370401000743,株式会社近藤農産,28,279833660
145,9370402001930,有限会社只野農場,28,176571972
146,9370001040017,株式会社高橋アグリサービス,28,165809192
147,3370005005970,農事組合法人ドリーム真野,28,165594231
148,2370005008990,農事組合法人グリーン・アース大原,28,163030182
149,5370305000843,株式会社ゆいっこ,28,153502733
150,5370405000561,農事組合法人長根生産組合,28,147694064
151,6370405000577,農事組合法人二ツ屋生産組合,28,142845933
152,4370405000579,農事組合法人中央生産組合,28,133277006
153,5370105001653,農事組合法人北向結ファーム,28,124362178
154,5370005008988,農事組合法人パラダイスファーム大番所,28,118571756
155,7370005009191,農事組合法人２１世紀,28,108071680
156,7370005009200,農事組合法人ＮＡＫＡＮＯファーム,28,75832202
157,7370401000737,株式会社アグリシステム,28,62579274
158,4370105001654,農事組合法人下名生ファーム,28,47366430
159,8370205001906,農事組合法人清々楽々いわぶち,28,21433941
160,1370005001402,学校法人東北学院,27,514960157
161,8370005009166,農事組合法人こまつ,27,168927139
162,5370005009251,農事組合法人猪岡農産,27,150725050
163,8370205002004,農事組合法人ＨＩ－ＳＯＦＴたじり,27,146965103
164,1370005004025,農事組合法人若木の里,27,123060989
165,3370405000571,農事組合法人城内農産,27,114578854
166,8370205001880,農事組合法人三田鳥営農組合,27,110040376
167,4370005005961,農事組合法人アスターファーム,27,105725179
168,1370205001978,農事組合法人大江北,27,103214311
169,4370105001308,農事組合法人八宮農業生産組合,27,67904311
170,1370205001986,農事組合法人大地・西荒井,27,62939444
171,3370105001531,農事組合法人かながせ,26,379814467
172,2370201003804,株式会社アグリ東北,26,302810814
173,4370202001433,有限会社金沢,26,222598672
174,2370005004073,農事組合法人六郷南部実践組合,26,183359608
175,4370005009517,農事組合法人和多田沼,26,181157956
176,7370205002005,農事組合法人いかずち,26,162164807
177,8370005009298,農事組合法人長清水,26,143581543
178,7370805000507,農事組合法人寺島生産組合,26,133456913
179,8370005009199,農事組合法人ＮＪシリアル,26,104551473
180,3370005008932,農事組合法人長岡グリーンサポート,26,101517756
181,6370005008954,農事組合法人エコルファーム,26,76104676
182,6370005009201,農事組合法人マグラＦ,26,50341508
183,3370005009006,農事組合法人Ｈ＆Ｆやまざき,26,46767554
184,1370005009197,農事組合法人相野谷,26,44006733
185,5370202005235,有限会社長崎高原ファーム,26,22419652
186,9370101001653,エコファーム蔵王株式会社,26,21554332
187,4370005009236,農事組合法人泉,25,324662381
188,5370802001484,有限会社黄金ファーム,25,315565083
189,6370801001501,株式会社美田園ファーム,25,202660865
190,6370002019962,有限会社大郷グリーンファーマーズ,25,202308640
191,7370001039085,株式会社岸ヶ森,25,173747948
192,5370001041035,株式会社宮城白鳥農場,25,159622537
193,1370005009164,農事組合法人小川サン・ファーム,25,111885871
194,2370401000873,株式会社ちばファーム,25,97727621
195,3370205001407,農事組合法人エフ・シー,25,43893594
196,6370005001397,学校法人聖ドミニコ学院,25,25285000
197,5370005009417,農事組合法人不動堂,25,24356826
198,6370205001981,農事組合法人ｉファーム,24,187618282
199,4370805000550,農事組合法人テクノファーム牛野,24,159106538
200,9370001017808,株式会社大郷農産,24,141343360
201,4370205001422,農事組合法人沼木頼歩,24,134826209
202,6370805000508,農事組合法人林ライス,24,125525354
203,9370005002896,農事組合法人ディーエスファーム,24,112699355
204,3370305001059,農事組合法人奥松島グリーンファーム,24,103473785
205,5370002020723,有限会社薬師農産,24,102310481
206,3370005001433,学校法人宮城学院,24,99020000
207,3370001040088,株式会社今慶農産,24,94654545
208,6370005003583,農事組合法人井土生産組合,24,89669797
209,2370805000528,農事組合法人野菜のキセキ,24,85680738
210,2370001039197,面川農場株式会社,24,48247795
211,4370201004081,株式会社いとうファーム,24,28514544
212,5370202004212,有限会社蕪栗千葉農場,24,20454737
213,4370201000031,株式会社一ノ蔵,24,7683423
214,5370002020310,有限会社ＩＴＯ,23,271251349
215,2370805000511,農事組合法人玉浦南部生産組合,23,193906104
216,3370605000776,農事組合法人グリーンファーム松島,23,141646285
217,4370005002637,農事組合法人仙台イーストカントリー,23,86942616
218,8370005009918,農事組合法人鶴家,23,85251995
219,1370005009172,農事組合法人今泉実践組合,23,81228100
220,5370401000953,株式会社千貫農産,23,72164124
221,4370005001416,学校法人日本コンピュータ学園,23,59693000
222,1370201003656,アグリ古川農産株式会社,23,43389114
223,1370205001409,農事組合法人かりおん農場生産組合,23,20008542
224,6000020048674,黒川地域行政事務組合,22,256068320
225,5370005003923,農事組合法人達居の郷大瓜,22,169353784
226,7370601002376,宮沢農産株式会社,22,161937586
227,9370202005248,有限会社サンファーム姫松,22,159941376
228,8370301003269,株式会社宮城リスタ大川,22,156352623
229,8370201003435,株式会社ＡＧＲＩ　ＰＲＩＭＥ,22,152463416
230,4370005009426,農事組合法人中埣ファーム育み,22,152307046
231,9370005003779,農事組合法人アグリ４５７,22,148705237
232,4370005008931,農事組合法人志賀,22,79426636
233,4370005005978,農事組合法人いさござわ,22,66768376
234,7370005008945,農事組合法人あきう生産組合,21,249711603
235,6370805000540,農事組合法人長谷釜生産組合,21,152783379
236,6370005008913,農事組合法人下高倉営農組合,21,119532921
237,9370202005116,有限会社川口グリーンセンター,21,112649928
238,9370005003589,農事組合法人稲和ファーム,21,103317975
239,9370103000736,合同会社あぐりパートナー,21,97379089
240,9370005009396,農事組合法人ＳＲＳ的場アグリセンター,21,80486890
241,7370201004070,タカノー産業株式会社,21,70141486
242,2370201003779,ｎａｎｏ悠久農産株式会社,21,66681760
243,3370005009311,農事組合法人タカギ農産,21,59451510
244,3370202005105,有限会社サンアグリしわひめ,21,36999810
245,8370005001395,学校法人聖ウルスラ学院,21,36051000
246,7370305000833,農事組合法人みずほファーミング,21,32366896
247,5370402002288,有限会社コピア,21,29030491
248,9370401000925,株式会社里山林農元気村,21,28649360
249,7370202004136,有限会社マルセンファーム,21,25959202
250,9370202004258,有限会社氏家農場,21,24219078
251,8370202003582,有限会社とんとん牧場,21,9698822
252,1000020049727,宮城県後期高齢者医療広域連合,20,375360333798
253,2370005008941,農事組合法人Ｕ．Ｍ．Ａ．Ｓ．Ｉ．,20,344723246
254,7370001039606,みどりあーと山崎株式会社,20,219098595
255,6370001042676,株式会社アグリジャパン東北,20,172509963
256,2370005009394,農事組合法人ＳＦＫ砥落,20,140254756
257,7370005009398,農事組合法人下小路生産組合,20,113205962
258,5370005009425,農事組合法人ニューフィールド,20,110860018
259,5370001023231,株式会社あぐりオリザ,20,98100788
260,9370205001995,農事組合法人カワソコ,20,88960823
261,1370005009701,農事組合法人ニッペ,20,80021845
262,8370202003707,有限会社今野醸造,20,68814970
263,2370005001616,宮城県農業信用基金協会,20,67343632
264,9370405000574,農事組合法人峰生産組合,20,57898463
265,8370005009397,農事組合法人アグリドリーム米山,20,57379165
266,5370005009441,農事組合法人にしふくだ,20,55993643
267,1370805000082,学校法人尚絅学院,20,54982000
268,8370405000600,農事組合法人かがの営農組合,20,41710184
269,6370301003378,株式会社吉田ファーム,20,24538509
270,8370001042641,株式会社高信,19,304730693
271,1370005009206,農事組合法人大松沢やたて,19,217152842
272,1370005009511,農事組合法人下多田川営農組合,19,122187653
273,5370201003909,株式会社スマイルフィールド,19,105660250
274,2370605000777,農事組合法人ファーム七ヶ浜,19,87325757
275,5370005009375,農事組合法人ダイヨン,19,83210518
276,4370305000027,農事組合法人宮戸干拓宮戸生産組合,19,77616591
277,9370005008869,農事組合法人平貫ファーム,19,73966482
278,3370101002054,株式会社ゆのはら農産,19,58057747
279,4370402002000,有限会社とねやしき農場,19,41656998
280,4370301003396,株式会社宝菜園,19,40794824
281,5370005008914,農事組合法人千代ノ川,19,40216657
282,9370402002086,有限会社ＰＦＴサービス,19,36416832
283,9370101002288,株式会社渡辺農場,19,33201814
284,2370205001399,農事組合法人ナカゾネハーベスト,19,23476345
285,5370001040490,小高農産株式会社,19,19312827
286,1370202004785,有限会社川口納豆,19,16492426
287,7700150035693,仙台卸商健康保険組合,18,301121000
288,2370202004702,有限会社くりこま高原ファーム,18,208355525
289,2370401000923,株式会社石ノ森農場,18,142362407
290,4370005003981,農事組合法人天神ファーム,18,92817075
291,6370102002182,有限会社藤健,18,86507421
292,1370001042796,株式会社佐々木アグリ農場,18,85829149
293,3370001041441,株式会社スカイウェーブ,18,80489445
294,6370001039202,アグリやまぐち株式会社,18,79435175
295,1370005009445,農事組合法人舞農,18,67234508
296,7370005001413,学校法人南光学園,18,65395000
297,4370402002165,有限会社マツモト建設,18,42339846
298,7370005009002,農事組合法人五十鈴ファーム,18,39316346
299,5370201003289,株式会社愛宕産土農場,18,25904906
300,3370005008957,農事組合法人平形農園,18,24582828
301,4370205000044,学校法人古川学園,18,23159000
302,8370401000868,わかば農場株式会社,18,18775525
303,3370402001639,有限会社久保畜産,18,17306403
304,2370205001993,農事組合法人輝井スカイファーム,18,13977045
305,9370202004225,有限会社米倉園芸,18,12596398
306,9370001038804,株式会社いなか舎．ｃｏｍ,18,5750285
307,7370005009299,農事組合法人道命,17,129922757
308,6370005009515,農事組合法人中田アグリ,17,78797061
309,6370005009473,農事組合法人鷹来,17,69195630
310,5370005009458,農事組合法人かすかわ,17,65234697
311,2370005002911,農事組合法人福鶴ファーム,17,65161498
312,5370201004080,株式会社栗駒アグリスト,17,58933191
313,4370005009995,農事組合法人おさとファーム,17,57301267
314,9370001003080,株式会社佐々木産業営農サービス,17,49676299
315,7370205001964,農事組合法人テンクスＶ,17,34536965
316,1370202003829,有限会社マッシュ・ガーデン,17,29139266
317,9370401000917,株式会社安達農園,17,13805146
318,5370005008947,農事組合法人あぐり大衡,16,249590384
319,2370405000572,農事組合法人フォレストウィンド津山,16,138465499
320,2370805000552,農事組合法人ファーム閖上,16,109909329
321,1370005009940,農事組合法人ナカダアグリカンパニー,16,97870377
322,9370005010073,農事組合法人サンファームあがと,16,80602890
323,3370205001423,農事組合法人ＵＰファーム,16,80539922
324,5370001045473,株式会社高山,16,56860641
325,3370602001091,有限会社セントラルライス中通,16,51661178
326,5370401000920,株式会社櫻井農場,16,40776050
327,4370005001382,学校法人菅原学園,16,21480000
328,2370201004125,株式会社継田,16,19930677
329,2370001042795,株式会社米夢阿部,16,13756941
330,5370001007102,株式会社インテリジェント・コスモス研究機構,15,501051887
331,7370005009068,農事組合法人小塚原ファームランド,15,213025749
332,7370001042667,株式会社ケイズグラン,15,200565260
333,4370001044377,株式会社結心ファーム,15,144728436
334,1370005010056,農事組合法人アグリ神明,15,117032988
335,8370005001404,学校法人東北工業大学,15,87498723
336,5370001041638,株式会社柴田牧場,15,70559616
337,6370001045605,株式会社アグリパワー,15,58529220
338,2370105001648,農事組合法人羽山の里佐野,15,52632472
339,7370402002071,有限会社蓮沼養豚ファーム,15,47211413
340,2370005010055,農事組合法人やつきファーム,15,43619570
341,6370005010076,農事組合法人上黒沢ライスランド,15,39219842
342,4370005009442,農事組合法人ＯＢＳアグリ,15,34871502
343,4370005001432,学校法人三島学園,15,33880000
344,6370001039672,芳泉農園株式会社,15,27473677
345,4370002004784,有限会社和雄と一郎の農場,15,16007388
346,5370202003858,有限会社ライスアーティスト,15,10078134
347,1370001015521,株式会社グリーン菜園,15,7011677
348,4370401000772,株式会社久保園芸,15,5933759
349,6370005001950,一般社団法人宮城県畜産協会,14,217499000
350,8370201003699,株式会社吉尾ファーム,14,123936856
351,1370005009081,農事組合法人たてやまアグリサービス,14,104842113
352,6370102001829,有限会社角田健土農場,14,87309001
353,3370005010335,農事組合法人おおぬき彩土里ファーム,14,65473609
354,2370001044560,株式会社ファットリア小野,14,61808362
355,3370005010186,農事組合法人ライスパーク向町,14,52981176
356,7370005009150,農事組合法人原生産組合,14,49488996
357,3370001022788,赤間農業開発株式会社,14,45113026
358,9370202005090,有限会社狩野農友,14,39541678
359,7370001042535,株式会社村岡Ｆａｒｍ,14,28724863
360,9370803000168,チームひまわり合同会社,14,23781987
361,2370105001557,農事組合法人耕人ファーム角田,14,18880455
362,3370201004124,株式会社三園,14,14100642
363,3370001039477,ＮＧＡ株式会社,14,11808260
364,8370401000876,株式会社鈴木農産,14,7191455
365,2370201002723,ハートフルランド・ジャージー牧場株式会社,14,4001528
366,5370005003386,公益社団法人宮城県シルバー人材センター連合会,13,2164758000
367,6370005009151,農事組合法人玉崎,13,147467592
368,8370001045504,株式会社堀内農産,13,92831114
369,3700150035689,宮城県自動車販売健康保険組合,13,91177000
370,6370005009894,農事組合法人おいで生産組合,13,82245134
371,6370602003242,有限会社Ｆ・Ｆ磯崎,13,77100117
372,9370001042797,株式会社清み農産,13,47191118
373,7370001040605,株式会社嶺あさひファーム,13,44157219
374,3370301003232,株式会社つつみ,13,35688943
375,2370201004059,株式会社千葉あぐりカルチャーサービス,13,28877792
376,4370005009153,農事組合法人みいろよし,13,27065959
377,6370005002998,農事組合法人ゆいファーム,13,25079628
378,4370005003412,農事組合法人クローバーズファーム,13,22417318
379,7370402001998,登米ライスサービス株式会社,13,12494054
380,2370001039271,株式会社恒和クリエイト,13,11138380
381,5000020044237,富谷町,12,1010574374
382,9000020048721,宮城東部衛生処理組合,12,760775208
383,6370501001108,株式会社サンフレッシュ小泉農園,12,116735462
384,9370605000630,公益財団法人宮城厚生協会,12,90133000
385,7370001045265,株式会社ＭＡＭ,12,80443626
386,3370005002919,農事組合法人新浜協業組合,12,72497847
387,9370005009025,農事組合法人ファーム南栗原,12,56155846
388,6370401000622,株式会社オジマスカイサービス,12,55355261
389,3370001041912,株式会社今野農業土木,12,52305898
390,2370005009155,農事組合法人西向ファームさく里,12,52094016
391,6370005009928,農事組合法人二俣南,12,51724837
392,5370105001661,農事組合法人伊手ファーム,12,37369978
393,6370401000969,株式会社うめつ,12,33535952
394,3370005010236,農事組合法人西荒井ファーム,12,30602829
395,1370401000701,株式会社アグリプランニング,12,24712695
396,2370005000808,農事組合法人ケーズグロー,12,17410081
397,1370005010106,農事組合法人コンスタンス,12,17251360
398,7370005010224,農事組合法人ライズ,12,14518332
399,8370803000152,合資会社愛宕ふぁーむ,12,10116342
400,8370001045413,株式会社飯野村,12,9683741
401,9370005001403,学校法人東北医科薬科大学,11,148823000
402,6370005009226,農事組合法人閖上町区ライスファーム,11,76924784
403,5370001046604,株式会社飛躍Ｓｈｏｗ,11,72346105
404,3370005010442,農事組合法人南大ファーム,11,72135199
405,1000020049280,石巻地区広域行政事務組合,11,67085602
406,1370005010007,農事組合法人スマイルアグリ沖上,11,64714730
407,6370001044111,株式会社シブヤ,11,61521350
408,1370001047572,株式会社ルーラルファーム,11,55596709
409,6370005009382,農事組合法人葉坂希望の郷,11,41630183
410,1370001039685,株式会社長沼サイド上野牧場,11,32984993
411,7370001045422,株式会社スワンプライスＫＵＲＯ,11,32864697
412,7370103000705,合資会社ばば農場,11,29423934
413,8370005001429,学校法人北杜学園,11,27916000
414,3370001046647,株式会社さいとう農場,11,24681683
415,3370005010343,農事組合法人荻埣ノースファーム,11,22732155
416,9370802001943,有限会社ＳＴＣ,11,22595815
417,5370001044161,株式会社清流しかま,11,15985456
418,9370401000702,千葉忠畜産株式会社,11,12619196
419,4370301002687,株式会社田伝むし,11,5582912
420,6370202004855,有限会社サングリーンさとう,11,5386194
421,4370001040013,株式会社みどりのみらい,11,2352322
422,4700150035688,東北薬業健康保険組合,10,148157000
423,9700150035675,東北しんきん健康保険組合,10,147247000
424,3370401000121,株式会社カレントセラー,10,65246709
425,2370401000964,株式会社登米ライス,10,50294998
426,1370001043241,株式会社アグリム,10,27703100
427,6370202004839,有限会社ライスサービスたかはし,10,12352111
428,3370102002879,有限会社田吾作,10,11029163
429,6370201002868,株式会社練布川農場,10,8528814
430,6370105001628,農事組合法人千年塾,10,5830991
431,8370601003308,株式会社あすファーム松島,10,4198171
432,4370402001480,有限会社板倉農産,10,2486429
433,9370605000647,宮城県漁業共済組合,9,5596105800
434,1370005001617,宮城県漁業信用基金協会,9,478011900
435,5700150035571,七十七銀行健康保険組合,9,362617000
436,7370005003384,公益財団法人仙台市市民文化事業団,9,97594000
437,7370005009407,農事組合法人千貫・京ファーム,9,86137802
438,5370005001407,学校法人東北文化学園大学,9,81179000
439,4370005009962,農事組合法人ひのきファーム,9,62511929
440,1370101002147,株式会社あぶくまコントラクタ,9,60211070
441,5000020048691,亘理名取共立衛生処理組合,9,34897600
442,7370005001396,学校法人聖和学園,9,29261000
443,1370001045345,株式会社赤間農産,9,23019609
444,4370001048262,株式会社あらきファーム,9,20935763
445,3370001039601,アグリテック古川株式会社,9,17968273
446,4370001041036,株式会社なべちゃんファーム,9,11782300
447,4370002019898,株式会社アイエスネクスト,9,10776000
448,2370801001983,グリーンキューブ株式会社,9,10151073
449,2370001007856,株式会社グローバル,9,7770000
450,7370402001494,有限会社ウェスタン・ファーム,9,7615000
451,5370001013331,株式会社舞台ファーム,9,7488742
452,6370202003808,有限会社フロンティア・ファーム,9,4710024
453,2370102002806,有限会社渡辺ファーム,9,2927358
454,9370005009388,農事組合法人おしか,9,2917999
455,3370401000773,株式会社ワンズ,9,2858371
456,6370001042858,株式会社いずみファーム,9,2827504
457,7370101002050,はるはなファーム株式会社,9,657500
458,6370001048599,株式会社及川ファーム,8,46455700
459,3370001043586,株式会社ＪＡ仙台集落営農ネットワーク,8,41971700
460,6370005009416,農事組合法人千貫農場きたはせ,8,39052481
461,3370005010500,農事組合法人アグリホープ米泉,8,28821964
462,5370005009400,株式会社大倉ファーム,8,23876041
463,4370001042892,株式会社富谷ファーム,8,20432237
464,7370001041066,株式会社石川アグリ,8,18570420
465,5370001042727,ＳＵＴＯ　ＧＲＥＥＮ　ＦＡＲＭ株式会社,8,12204693
466,1370505000028,学校法人東陵学園,8,12113000
467,9370105001567,農事組合法人ライスファーム七ヶ宿,8,7958099
468,3370005000179,公益財団法人宮城県結核予防会,8,7308500
469,3370005009187,農事組合法人葛岡,8,7150020
470,2370001044908,株式会社エスエーシー,8,5880280
471,4370102000790,有限会社半澤牧場,8,5415200
472,6370202004797,有限会社耕佑,8,4214330
473,1370001042581,株式会社コダマ,8,4092149
474,4370005001424,学校法人双葉学園,8,3127000
475,9370305000385,学校法人ひばり幼稚園,8,1876000
476,8370301003161,株式会社木村農園,8,1695059
477,8370205000107,古川農業協同組合,8,1356220
478,1370005000395,大崎八幡宮,7,306229000
479,1370005003150,公益財団法人仙台市医療センター,7,211087500
480,8370005001602,宮城県信用保証協会,7,153577441
481,1700150035402,東北電力健康保険組合,7,83741000
482,3370001042794,株式会社大内ファーム,7,61517254
483,1370305001036,一般社団法人フィッシャーマン・ジャパン,7,40918279
484,3370005010418,農事組合法人ふくおか,7,32071423
485,7370005010471,農事組合法人アグリ今泉,7,30611352
486,1370001046855,株式会社グリーンアースフィールド,7,28900325
487,5370005010358,農事組合法人志津農楽,7,19532380
488,8370202000398,有限会社交雄物産,7,16919010
489,9370102000811,有限会社蔵王グリーンファーム,7,16210328
490,4370202003883,有限会社小松牧場,7,16039020
491,2370005000064,一般社団法人宮城県ＬＰガス協会,7,15703528
492,5370001043907,株式会社千葉農園,7,15341608
493,1370002020207,有限会社鶴巣農場,7,14300222
494,2370001044214,株式会社スマートアグリ庄子,7,12490633
495,3370001045599,株式会社階上生産組合,7,12285577
496,2370005001401,学校法人常盤木学園,7,12272000
497,9370001045503,株式会社アグリファーム原ノ沢,7,11398669
498,9370005001411,学校法人東北外語学園,7,10049000
499,1370105001228,医療法人社団内方医院,7,7916000
500,5370402000110,有限会社三菜寿,7,6822303
501,7370001049794,株式会社西舘ファーム,7,6643186
502,3370101001956,株式会社Ｍｏｇｅｅ,7,6477000
503,9370201003979,早坂内装株式会社,7,6074050
504,9370205000048,学校法人啓誠学園,7,4119000
505,9370202003895,有限会社鈴木牧場,7,3437910
506,6370305000388,学校法人亀山学園,7,3271000
507,2370105001276,社会福祉法人白石陽光園,7,3129320
508,6370001047337,株式会社ヒロ・ファーム,7,2733862
509,4370202004898,有限会社グローバルベリーファームそね,7,1989483
510,6370005009903,農事組合法人ブラッサム,7,1709123
511,3370001039246,株式会社羽田育苗センター,7,1111750
512,1370101002056,株式会社笹谷,7,1036000
513,9370202004209,有限会社たじりエコベジタブル,7,859652
514,2370402001466,有限会社伊豆沼農産,7,519816
515,6370201003874,株式会社てくてくファーム,7,140569
516,4370005001440,学校法人明和学園,6,873492000
517,5370605000304,志波彦神社鹽竈神社,6,103466000
518,8370005001866,特定非営利活動法人全国コミュニティライフサポートセンター,6,96143000
519,5370001019188,東北マイクロテック株式会社,6,83067466
520,1370005002920,公立大学法人宮城大学,6,63654000
521,2370005010237,農事組合法人桜花爛漫,6,50944303
522,5370001041407,株式会社イマジン・ジャパン,6,30946170
523,4370001044575,株式会社森谷畜産,6,25082075
524,4370005001250,医療法人七郷クリニック,6,24782500
525,9370001041188,なでしこファーム株式会社,6,17995100
526,9370001046906,株式会社まやまのさとうファーム,6,15462487
527,8370005010371,農事組合法人ふるせきファーム,6,13458214
528,6370305000867,公益社団法人３．１１メモリアルネットワーク,6,12877000
529,5370401000929,株式会社よねやまファーム,6,12484598
530,1370001046599,株式会社高橋アグリファーム,6,12483439
531,4370001040418,株式会社森牧場,6,10588000
532,6370005009374,農事組合法人ファーマーズ平形,6,9220939
533,2370105001111,角田市商工会,6,9148103
534,7370805000119,医療法人松涛会,6,7374000
535,6370005002817,医療法人社団大和クリニック,6,7140500
536,5370001042363,株式会社ＭＨファーム,6,6263420
537,7370005001446,学校法人六郷学園,6,6159000
538,5370001043931,株式会社ソーシオ,6,5696166
539,8370103000745,合同会社大希農産,6,4916748
540,5370001040755,株式会社猪股牧場,6,4302668
541,4370001040459,株式会社千葉ファーム,6,4298215
542,2370001024678,株式会社宮城アグリカルチャー,6,3728458
543,9370105001187,学校法人萠愛学園,6,3390000
544,5370005009268,医療法人まつざき歯科医院,6,3330000
545,7370003004574,合同会社千葉牧場,6,3008860
546,3370001040591,株式会社河南ファーム,6,2760021
547,2370001024570,株式会社秋保ファーマーズ,6,1982500
548,5370605000163,学校法人不磷寺学園,6,1755000
549,5370005001365,学校法人お人形社学園,6,1631000
550,9370001007742,株式会社共栄住宅サービス,6,1391900
551,5370201000583,株式会社ケーエス,6,1173500
552,4400001008221,株式会社夢実堂,6,1102800
553,6370401000705,株式会社日高見牧場,6,1058400
554,1370001045502,株式会社ライフルファーム菅生,6,980366
555,6370005000069,公益社団法人宮城県看護協会,6,719500
556,4370001017688,みどり会農産加工株式会社,6,598708
557,8370201002882,株式会社オダシマファーム,6,86600
558,5700150035497,宮城県市町村職員共済組合,5,192483000
559,5370001022010,株式会社百戦錬磨,5,154400000
560,2370605000273,瑞巖寺,5,110528000
561,1370001003352,株式会社七十七銀行,5,65967283
562,8370005003210,一般社団法人ワカツク,5,52544704
563,7370105001107,医療法人金上仁友会,5,49861700
564,7700150035512,宮城県牛乳協会,5,47839172
565,4370505000297,南三陸商工会,5,39862568
566,7370305000825,医療法人社団仙石病院,5,34973000
567,2370001049221,株式会社鈴木ファーム,5,29610204
568,2370005002457,特定非営利活動法人ワンファミリー仙台,5,21880000
569,1370005001253,医療法人社団白根胃腸クリニック,5,21334000
570,8370005009001,一般社団法人全国自死遺族連絡会,5,21050000
571,3370005001359,学校法人荒巻学園,5,20354000
572,7370001041990,株式会社こしき,5,16659589
573,8370005001172,医療法人社団秀薫会池田クリニック,5,15253000
574,8370105001089,社会福祉法人臥牛三敬会,5,10803225
575,5370005001415,学校法人西多賀学園,5,10573000
576,4370005001408,学校法人東北カトリック学園,5,8750000
577,5370005003270,公益財団法人仙台観光国際協会,5,8579000
578,7370001044432,株式会社早坂農産,5,8136393
579,2370003004257,合同会社ＴＯＭＯＴＯファーム,5,6419461
580,2370801000738,株式会社利久,5,4961000
581,7370005001925,医療法人花壇医院,5,4329500
582,2370005003604,学校法人赤門学院,5,3290000
583,5370001048336,株式会社明官,5,2648971
584,5370401000061,株式会社只野組,5,2426457
585,8370001042229,株式会社イグナルファーム大郷,5,2328000
586,3370001046655,チバズファーム株式会社,5,2123058
587,6370605000162,学校法人向日葵学園,5,1771000
588,3700150035656,河北新報健康保険組合,5,1603000
589,4370205001901,学校法人啓明学園,5,1536000
590,4370005001399,学校法人曽根学園,5,1241000
591,1280005003309,医療法人山岡医院,5,1106000
592,9370203000074,合名会社アグリ豊,5,1063573
593,7370001039390,株式会社日高見ファーム,5,905600
594,6370801000767,株式会社布田牧場,5,878592
595,6370202001134,有限会社みどりのふるさとファーム,5,850500
596,3370001043124,有機農園ファーミン株式会社,5,373686
597,1370302001798,有限会社ナーセリーさとう,5,280568
598,2370202003142,有限会社やまびこ,5,113480
599,5370205001454,農事組合法人城内農事実行組合,5,67678
600,7370101001993,株式会社大久保,5,67553
601,3370001006799,アイリスオーヤマ株式会社,4,2276310673
602,9370001012635,株式会社東北博報堂,4,2245817148
603,6370105001140,福應寺,4,98871000
604,4700150036001,鶴田川沿岸土地改良区,4,63350000
605,7370301002651,株式会社本田産業,4,61273205
606,7370001040522,株式会社ワンテーブル,4,51697438
607,7370501000050,大谷鉱山株式会社,4,40707000
608,6370001000485,株式会社和泉テック,4,40551157
609,9370001048489,株式会社アグリふなこし,4,35754429
610,8370005003152,地方独立行政法人宮城県立病院機構,4,32021000
611,8370005003433,一般社団法人宮城県警備業協会,4,27711000
612,3370005001235,医療法人社団人愛会石川内科,4,19258000
613,4370003005559,合同会社オノデラファーム,4,18638978
614,2370001005579,ツネマツガス株式会社,4,16365250
615,9370505000053,医療法人尚仁会森田医院,4,14247500
616,2370005009361,医療法人爽緑会,4,13208000
617,4370605000156,学校法人田中学園,4,11698000
618,4370001003366,株式会社仙台銀行,4,11616176
619,2370205000062,一般財団法人佐藤病院,4,11445500
620,4370005001548,宮城県社交飲食業生活衛生同業組合,4,10937000
621,9370001048282,株式会社高橋グリーン,4,10791326
622,5370005001183,医療法人貝山仁済会,4,10739000
623,9370203000058,合名会社寒梅酒造,4,9140243
624,1370305000418,医療法人社団石巻診療所,4,8865000
625,5370405000479,医療法人社団圭秀会八木小児科医院,4,8076000
626,6370005009267,医療法人明葉会,4,7937000
627,8370305000650,医療法人伊東胃腸科内科,4,7612500
628,8370805000092,学校法人山元中央学園,4,6994000
629,7370001022644,株式会社たかやま,4,6968000
630,4370001044162,株式会社遊佐,4,6834604
631,8370405000476,医療法人財団姉歯松風会,4,6615500
632,3370005002407,医療法人尚真会たんのクリニック,4,6448000
633,3370201003299,株式会社ライシー宮城,4,5617240
634,9370001015150,株式会社リスペクト,4,4988000
635,3370001048783,株式会社ナガサワ,4,4766599
636,5370105001224,一般財団法人蔵王酪農センター,4,4554000
637,8370202004663,有限会社若柳配電工事,4,4400000
638,5370001031440,株式会社みらいファームやまと,4,4284000
639,4370305000464,医療法人古山内科・循環器科,4,4281000
640,1370805000256,医療法人社団松村クリニック,4,4275000
641,9370002019778,有限会社エーシー村山,4,4141550
642,6370805000061,名取市商工会,4,3852590
643,8370003005605,合同会社農笑,4,3705712
644,9370605000069,医療法人社団中山クリニック,4,3601000
645,1370001018219,株式会社アジタス,4,3359000
646,6370001042718,株式会社どんぐり,4,3024000
647,8400602000374,有限会社奥州秋保温泉蘭亭,4,2902000
648,9370001013617,株式会社仙台天文サービス,4,2752000
649,5370102002175,有限会社七日原高原佐豊牧場,4,2614500
650,8370003005506,熊谷牧場合同会社,4,2526500
651,3370105001548,医療法人　庄司クリニック,4,2392000
652,8370001042798,千田農場株式会社,4,1909500
653,9370302001452,有限会社大森林グループ,4,1849000
654,9370005004091,社会保険労務士法人ＰＥＲＳＩＳＴ,4,1742000
655,5370605000618,多賀城・七ケ浜商工会,4,1669580
656,4370005003387,公益財団法人宮城県対がん協会,4,1630000
657,5370202005243,有限会社小山牧場,4,1548000
658,1370001014556,株式会社クロノドライブ,4,1546000
659,1370001008095,株式会社こむらさき,4,1340000
660,5370003004155,苺のふる里ファーム株式会社,4,1106560
661,7370301002932,株式会社イグナルファーム,4,1070304
662,9370001023707,株式会社あおのき未来ファーム,4,937460
663,5370201003487,株式会社ひまわり農園,4,894567
664,2370001013895,株式会社ＢＭＧ,4,869000
665,4370402002289,有限会社中田サン・ファーム,4,817750
666,7370001042056,株式会社金源,4,791582
667,8370003005563,合同会社Ｃｈｅｒｎｏｚｅｍ,4,739500
668,9370005001717,更生保護法人宮城県更生保護協会,4,702000
669,3370001021138,株式会社いずみの里ファーム,4,603038
670,9370105000107,学校法人柴田学園,4,540000
671,2370601000384,新生自動車工業株式会社,4,500000
672,1370003005306,合同会社オオノファーマーズファクトリー,4,417000
673,7370202005076,有限会社栗駒なめこ,4,310137
674,7370005002064,医療法人鹿苑会,4,201500
675,6700150035678,東北七県電気工事業厚生年金基金,3,467603853
676,7370301000110,石巻ガス株式会社,3,216226804
677,2370001015207,株式会社ミヤコーバス,3,119642000
678,8370005001486,社会福祉法人東北福祉会,3,101836000
679,9370005001576,宮城県商工会連合会,3,85494910
680,6000020049697,みやぎ県南中核病院企業団,3,57043000
681,9700150035527,宮城県国民年金基金,3,53408954
682,8370105001122,高藏寺,3,48935000
683,8370601000552,株式会社ティ・ディ・シー,3,48836689
684,4370001047917,株式会社ＧＥＮＯＤＡＳ,3,48500000
685,1370005003381,一般財団法人厚生会,3,45746000
686,4011801026699,株式会社ＥＳＣＣＡ,3,31990383
687,5370405000132,医療法人社団豊衛会佐藤医院,3,29874000
688,2370005001392,学校法人栴檀学園,3,29765000
689,5370001048385,株式会社アグリみらい,3,28365220
690,6370005002874,医療法人社団中谷クリニック,3,26511666
691,2370405000481,医療法人社団頌和会,3,26255000
692,2370805000081,学校法人寿なとり学園,3,23155000
693,6370105001108,医療法人本多友愛会,3,19025000
694,8370005003391,公益財団法人宮城県文化振興財団,3,18712000
695,6370001019484,株式会社ノースロード・ミュージック,3,18221000
696,9000020049298,塩釜地区消防事務組合,3,13571916
697,6000020049689,加美郡保健医療福祉行政事務組合,3,13469000
698,1370505000052,医療法人社団三条小児科医院,3,12101000
699,3370605000339,医療法人卓敬会まえひらクリニック,3,10315000
700,5370005001159,医療法人社団青葉通クリニック,3,10295000
701,3370005000740,宗教法人陸奥国分寺,3,10270000
702,8370005009356,医療法人しのはらクリニック,3,9539000
703,8370205001360,医療法人朋心会旭山病院,3,8953000
704,5370005001398,学校法人聖ルカ学園,3,8865000
705,6370001044706,株式会社Ｓ．Ａ．ｍｕｓｉｃｋｉｎｇ,3,8099000
706,6370001031497,株式会社やまもとファームみらい野,3,8091240
707,9370001044026,南三陸ワイナリー株式会社,3,7877985
708,5370605000072,医療法人寶樹会,3,7656000
709,6370005000333,一般財団法人宮城県成人病予防協会,3,7575500
710,9370005005957,一般社団法人みやぎ連携復興センター,3,7420000
711,4700150035713,ユアテック健康保険組合,3,6079000
712,6370001049234,株式会社もくりファーム,3,5856800
713,5370005000152,一般社団法人宮城県薬剤師会,3,5850000
714,1370005001187,医療法人社団かわむらこどもクリニック,3,5539000
715,7370005001149,医療法人泉整形外科病院,3,5525000
716,8370005002369,医療法人中真会木村貞之進記念まひと内科クリニック,3,5313000
717,6370105001231,医療法人浄仁会,3,5264500
718,8370005001544,宮城県寿司商生活衛生同業組合,3,5092000
719,3370005002860,医療法人プレシャスケア,3,5077000
720,3370005002241,医療法人社団回陽堂,3,4701000
721,3370001049939,株式会社大輪,3,4598394
722,9370202003318,有限会社岩崎牧場,3,4564750
723,4370505000041,医療法人移川哲仁会,3,4537000
724,8370005000199,一般財団法人周行会,3,4415000
725,6370801001096,仙台空港鉄道株式会社,3,4076782
726,8370205001385,玉造商工会,3,4044360
727,6370301001357,株式会社山大,3,4022999
728,7370001049497,アグリとみた株式会社,3,3983686
729,4370305000778,医療法人光洋会ひかりサンテクリニック,3,3576000
730,3370005010203,農事組合法人新国牧場,3,3255000
731,2370005001211,医療法人宏人会,3,3150000
732,2370401000601,株式会社ライブリー,3,3142437
733,8370405000484,医療法人社団千葉医院,3,2982000
734,1370602001374,有限会社松華堂,3,2922000
735,4370301002183,株式会社セーフティー,3,2823000
736,8370605000326,医療法人社団無量井内科クリニック,3,2803000
737,3370001044163,株式会社伸和ファーム,3,2584344
738,8370001008114,株式会社小山商会,3,2582110
739,5370005001349,医療法人社団柳生吉田こどもクリニック,3,2511000
740,2370001020685,仙台味噌醤油株式会社,3,2500000
741,9370601003513,株式会社シンワクリエイティブ,3,2417000
742,6370005001447,学校法人若草学園,3,2332000
743,5370205001917,医療法人米谷医院,3,2291500
744,2370005003868,医療法人矢野内科クリニック,3,2279000
745,1370205001887,遠田商工会,3,2263380
746,5370002020112,有限会社ジー・エル青葉,3,2214000
747,6370102002827,有限会社ファームイチカワ,3,2130000
748,2370002003714,有限会社美容室ウイル,3,2084000
749,3370001015899,株式会社ＳＷＣ,3,2000000
750,8370001047649,株式会社ヤマテック,3,1980000
751,8370001022057,アドバンス株式会社,3,1974000
752,7370605000153,学校法人化度寺学園,3,1967000
753,1370301000231,株式会社遠藤商店,3,1868000
754,2370001008887,株式会社ダイエー商事,3,1841000
755,4370001044625,ＡＺＵＬ　Ｅｎｅｒｇｙ株式会社,3,1820000
756,2370405000143,みやぎ北上商工会,3,1768289
757,2370001038620,株式会社ソート,3,1750000
758,3370205001357,加美商工会,3,1742184
759,6370005001372,学校法人郡山学園,3,1683000
760,1370802001430,有限会社わたり納豆,3,1676000
761,6370602002392,プリムローズ有限会社,3,1500000
762,7370002018055,有限会社東北いちば,3,1500000
763,3370205000078,医療法人社団近江医院,3,1472000
764,4370505000025,本吉唐桑商工会,3,1469600
765,2370001025718,株式会社Ｗｏｎｄｅｒｗａｌｌ,3,1393000
766,9370005003845,特定非営利活動法人仙台傾聴の会,3,1343000
767,4370001040574,株式会社マザーグース,3,1315000
768,5370005001241,医療法人社団シンセティックデンタルグループ歯科ニュージャパン,3,1310000
769,4370003003414,合同会社Ｐａｒｆａｉｔｅ,3,1274000
770,6370005009234,社会福祉法人マザーズ福祉会,3,1247000
771,5370001021103,株式会社イニテ工業所,3,1240000
772,8370001041049,株式会社巧成,3,1221000
773,1370802001158,株式会社渡邉総合サービス,3,1200000
774,4370005001366,学校法人小野学園,3,1124000
775,1370001017724,株式会社エルピダあおば,3,1085000
776,7370305000783,東松島市商工会,3,1084664
777,7370005009778,医療法人太白クリニック,3,1081500
778,6370005001422,学校法人袋原学園,3,1074000
779,8370405000534,農事組合法人浅部組合,3,1062400
780,1370005002103,医療法人富沢クリニック,3,1006000
781,5370202001127,有限会社宮城りょくせい,3,997132
782,2370202004264,有限会社ライフサポート齋藤,3,913000
783,6370005001389,学校法人仙台百合学院,3,901000
784,7370105000125,大河原町商工会,3,900080
785,3370302000328,有限会社マルフク農場,3,873803
786,1370605000159,学校法人東園寺学園,3,871000
787,5370005002834,農事組合法人エイノー,3,852193
788,4370105001274,仙南信用金庫,3,847670
789,9370002014449,有限会社宮城農場,3,845155
790,9370005001444,学校法人陽雲学園,3,776000
791,4370401000731,佐藤農園株式会社,3,767271
792,7370005009019,医療法人桐葉会,3,745500
793,4370001045391,サンライズ株式会社,3,717000
794,8370101000292,株式会社ケー・アンド・アイ,3,712000
795,6370005003055,医療法人新田東歯科クリニック,3,704000
796,2370305000755,医療法人社団みやぎ東部循環器科,3,652000
797,6370105000118,医療法人社団北杜会,3,621500
798,7370005002650,学校法人おおとり学園,3,584000
799,8370005001437,学校法人村山学園,3,525000
800,7370301003014,株式会社フェニックスエレメント,3,500000
801,2370001044131,株式会社高橋農園,3,496240
802,9370001011430,東北ミサワホーム株式会社,3,487400
803,8370002006595,有限会社東薬局,3,460000
804,2370205001093,特定非営利活動法人オープンハート・あったか,3,456000
805,4370001046134,株式会社ＥＬＡＲＸ,3,450000
806,2370202004231,有限会社葡萄屋,3,445000
807,6370001018932,株式会社ＡＺＯＴＨ,3,411000
808,6370805000210,医療法人マコト歯科医院,3,330000
809,1370005002177,医療法人社団杏泉堂,3,265000
810,5370402000283,有限会社三塚牧場,3,243800
811,4370001048163,株式会社ＮＡＣＫ,3,223700
812,2370605000190,松島医療生活協同組合,3,220000
813,2370202003571,有限会社燦ドリームなんごう,3,208691
814,4370601000853,株式会社三浦薬局,3,194000
815,7370801000601,みやぎのあられ株式会社,3,144000
816,1370805000537,医療法人みやぎ青葉会佐藤医院,3,110000
817,5370005002512,医療法人雄美会吉成台内科胃腸科,3,86500
818,1370005003456,特定非営利活動法人ＳＣＲ,3,70720
819,7370005002056,医療法人ライヴズ,3,24000
820,3370801001280,株式会社渡邊企画,3,10136
821,4370005009137,特定非営利活動法人つながりデザインセンター,3,-178000
822,8700150035676,東北薬業厚生年金基金,2,238927574
823,2000020049387,気仙沼・本吉地域広域行政事務組合,2,232089000
824,2700150035376,仙台市職員共済組合,2,84458000
825,4370805000121,社会医療法人将道会,2,76217000
826,9370001039059,株式会社Ｗａｓｓｈｏｉ　Ｌａｂ,2,62358866
827,4010001161027,サステイナブルエネルギー開発株式会社,2,58378381
828,7700150036155,鳴瀬土地改良区,2,57900000
829,9370001008360,ジェイアールバス東北株式会社,2,52780000
830,8370001012280,東杜シーテック株式会社,2,42229494
831,8370001049645,株式会社宮城アグリ,2,38081876
832,3370001038768,仙台国際空港株式会社,2,37666666
833,3370005010244,一般社団法人ＤＸ　ＮＥＸＴ　ＴＯＨＯＫＵ,2,36246268
834,4370001004934,株式会社キョードー東北,2,35700000
835,8370005010603,農事組合法人ありが,2,35315423
836,6370001009980,株式会社東日本放送,2,25000000
837,8370001013394,株式会社ストラテジー,2,25000000
838,8370005003111,医療法人ひろせ中央クリニック,2,24600000
839,3370005003867,医療法人あすと長町えだクリニック,2,22960000
840,3370201000214,株式会社プロスパイン,2,21927228
841,7370005002502,医療法人悠心会,2,21073000
842,8370302000521,有限会社オカダプランニング,2,21000000
843,1370005008892,医療法人宏智会,2,20203000
844,2370005009808,一般社団法人Ｊ＆Ｃ文化芸術振興会,2,19893000
845,4370005001358,医療法人社団渡辺内科胃腸科医院,2,18144000
846,1370605000043,医療法人社団赤石会,2,17951000
847,1370005003084,公益財団法人仙台フィルハーモニー管弦楽団,2,16463000
848,2370601003263,株式会社大森美装,2,16000000
849,8370202004795,有限会社くりはら健康センター,2,15684000
850,7370001002398,株式会社仙台放送,2,14093284
851,4370005009021,医療法人社団希翔会,2,13391000
852,2370005002820,あさひな農業協同組合,2,13125900
853,4370805000518,一般社団法人ＷＡＴＡＬＩＳ,2,12915283
854,6370005002973,医療法人王心会,2,12582000
855,7370001018295,株式会社スカイハイ・ソウル,2,12000000
856,7370001013437,株式会社国際ツーリスト仙台,2,11995000
857,3370001042992,株式会社ＧＭ７,2,11890000
858,5370001008406,七十七リース株式会社,2,11180000
859,5370005009334,一般社団法人東北えびす,2,10777000
860,6370305000875,一般社団法人チーム王冠,2,10680000
861,9370801001498,山元いちご農園株式会社,2,10584095
862,9700150035691,仙台銀行健康保険組合,2,10460000
863,3370001020882,株式会社マカナ,2,10351000
864,8370001008601,株式会社シネマとうほく,2,10075000
865,7370005001388,学校法人仙台佛教学園,2,9849000
866,5370005010201,医療法人推高会,2,9752000
867,2370805000065,医療法人社団洞口会,2,9437500
868,9370001014474,株式会社ＢＢＩ花座,2,9355000
869,8370001039159,株式会社トリプルイー,2,9323000
870,9370105001220,社会福祉法人大泉会,2,9162000
871,2370005009188,一般社団法人気仙沼地域戦略,2,8854800
872,8370001007306,株式会社エフエム仙台,2,8290000
873,1370001004227,株式会社ユーメディア,2,8239000
874,3370303000277,合同会社ＭＹラボ,2,8103106
875,4370601000449,仙台プロパン株式会社,2,8095000
876,1370005002111,医療法人紅羽会,2,8066000
877,7370003001811,イリナミュージカル合同会社,2,8025000
878,3370205001514,医療法人社団水天会,2,7879000
879,1370001008715,株式会社菅井商事,2,7873150
880,1370001012246,株式会社　メムス・コア,2,7809300
881,4370501000136,株式会社カネダイ,2,7513849
882,4370401000574,マルニ食品株式会社,2,7455999
883,5370001040268,株式会社三陸コーポレーション,2,7196957
884,4370002001154,泰光住建株式会社,2,7139944
885,5370001004669,伊藤忠エネクスホームライフ東北株式会社,2,7050000
886,3370505000406,気仙沼水産食品事業協同組合,2,6997000
887,8370201000449,マルヒ食品株式会社,2,6975872
888,6370501001009,株式会社フカコラ美人,2,6667133
889,5370205001438,医療法人社団静信会,2,6313000
890,6370005002437,医療法人社団あきもとクリニック,2,6246000
891,3370401000468,株式会社佐利,2,6204500
892,9370805000117,医療法人社団スズキ病院,2,6172000
893,3370101001634,株式会社カイヤプロジェクト,2,6014000
894,9370001008071,今野不動産株式会社,2,5987000
895,6370005001728,特定非営利活動法人環境会議所東北,2,5924388
896,1700150104958,マーベラス・スタジオ,2,5819000
897,9370305000427,医療法人社団石輝会,2,5376000
898,9370205001509,医療法人社団玄成会,2,5306000
899,8370005001503,社会福祉法人陽光福祉会,2,5283666
900,8370401000455,熊谷燃料住設株式会社,2,5120000
901,1370305000426,医療法人医徳会,2,5075000
902,4370005005945,医療法人フェリーチェ,2,5032000
903,1370005001609,宮城県土地改良事業団体連合会,2,5020000
904,6370201002364,株式会社中勇酒造店,2,5000000
905,1370605000316,医療法人社団藤谷内科クリニック,2,4921000
906,6370605000071,医療法人平樹会平澤内科医院,2,4854000
907,4370201003281,株式会社東北テクノ機工,2,4800000
908,9370005010107,一般社団法人流行天国工房,2,4665000
909,8370602001946,有限会社ヤマコ武田商店,2,4635673
910,9370001039926,株式会社七ヶ宿くらし研究所,2,4441240
911,6370005002701,医療法人社団宏洋会,2,4423000
912,5370805000211,医療法人社団三上医院,2,4356000
913,8370005009793,医療法人すがわら小児科クリニック,2,4227000
914,8370202004688,有限会社キリシロ,2,4127463
915,8370001042988,株式会社タケダ,2,4087000
916,4370205000060,一般財団法人片倉病院,2,3950000
917,2370005001285,医療法人太長会,2,3878000
918,2370005001418,学校法人長谷柳絮学園,2,3856000
919,6370001001252,株式会社山一地所,2,3847826
920,7370101002125,株式会社蔵王あすなろファーム,2,3557000
921,8370005002006,医療法人社団仙台腎泌尿器科,2,3499000
922,3370005005962,一般社団法人プレーワーカーズ,2,3490000
923,1370005009255,医療法人はなクリニック,2,3475000
924,9370201002345,株式会社田中酒造店,2,3423086
925,9370005001163,医療法人岩切阿部医院,2,3407000
926,7370001018320,いまいメディカルサポート株式会社,2,3150000
927,1370005010015,一般社団法人ミュージックプロデュースＭＨＫＳ,2,2994000
928,6370005000309,公益財団法人宮城県公害衛生検査センター,2,2977410
929,7370001012018,株式会社八善堂,2,2823666
930,4370301002976,パズルハウス株式会社,2,2800000
931,6370301002529,株式会社ヤマナカ,2,2738000
932,9370001043936,株式会社ｏｆｆｉｃｅ　ＰＬＡＮ　Ｂ,2,2667589
933,8370005002880,医療法人社団みらい,2,2616000
934,2370801000597,マルト食品株式会社,2,2600000
935,4370001015394,メディカルワーク株式会社,2,2590000
936,2370805000263,医療法人社団みやぎ清耀会,2,2515000
937,2370001016576,株式会社Ｉｎｔｅｒｕｎｄ,2,2498000
938,5370805000500,医療法人東北国際医療会,2,2299000
939,7370001042023,株式会社かわまちてらす閖上,2,2246666
940,7370505000022,気仙沼信用金庫,2,2240401
941,3370005000633,東昌寺,2,2160000
942,6370305000850,公益財団法人慶長遣欧使節船協会,2,2101000
943,2370201000339,株式会社新澤醸造店,2,2018181
944,3370605000322,社会福祉法人功寿会,2,2000000
945,5370801001543,株式会社燦燦園,2,2000000
946,8370001038870,株式会社Ｔｒｕｓｔ　Ｒｏａｄ,2,2000000
947,2370001025552,株式会社藤企業,2,1971000
948,9370201000258,株式会社大昇物流,2,1960000
949,6370501000019,アーバン株式会社,2,1932000
950,3370001044097,株式会社ＨＭＷ,2,1905000
951,6370002012950,有限会社ピアサンジューキュー,2,1889000
952,3370002020782,有限会社ＫＹＯＴＡファクトリー,2,1843000
953,8370003005547,合同会社アリエスジャパン,2,1795000
954,2370001041129,株式会社Ａ・Ｕアソシエ,2,1775000
955,5370002020814,有限会社傳八ファーム,2,1655250
956,5370001014321,株式会社グローバー,2,1595000
957,6370201002091,光電子株式会社,2,1549000
958,1370005001419,学校法人支倉学園,2,1529000
959,6370001041075,Ｔｒｕｓｔ　ｅｎｔｅｒｐｒｉｓｅ株式会社,2,1527000
960,1370001024365,ハラダ株式会社,2,1500000
961,3370001014678,株式会社Ｍｏｄｅ　Ｃｏｌｌｅｃｔｉｏｎ,2,1500000
962,3370102002004,株式会社星測量設計,2,1500000
963,3370602000358,有限会社大宮タイル,2,1500000
964,4370002016177,有限会社　オートモーティブデザイン,2,1500000
965,5370001045399,株式会社山元ヒルズファーム,2,1500000
966,6370605000732,一般社団法人ＣＯＭ’Ｓ,2,1500000
967,2370302001450,有限会社ダイシン食品,2,1464000
968,2370001045402,株式会社Ｎｅｘｕｓ,2,1460000
969,4370801001585,株式会社一苺一笑,2,1444000
970,5370001022893,株式会社せきのした建設,2,1429000
971,3370005003355,医療法人社団葵会,2,1418000
972,1370001011512,株式会社サンテック,2,1402000
973,9370601002762,株式会社ディンゴ,2,1402000
974,9370101001083,武藤造園株式会社,2,1400000
975,3370801000613,結城組株式会社,2,1399000
976,5370001007663,株式会社カット・スペース,2,1380000
977,8370605000152,学校法人柏木学園,2,1336000
978,3370005001417,学校法人沼田学園,2,1335000
979,4370005002307,医療法人草恵会,2,1326000
980,1370001025545,株式会社ＧＡＲＧＯＹＬＬＥ,2,1315000
981,4370101001732,株式会社東穀,2,1314000
982,1370201003904,株式会社米澤屋,2,1312000
983,2370301002540,株式会社草新舎,2,1308000
984,1370001012634,モットーキュー株式会社,2,1302000
985,4370205000069,医療法人社団猪瀬医院,2,1300000
986,4370205001959,医療法人英正会関井レディースクリニック,2,1300000
987,7370002018443,有限会社マルタケ室内,2,1290000
988,6370005001158,医療法人岩切病院,2,1284000
989,6370001018973,株式会社スマイルファクトリー,2,1276000
990,2370001025131,株式会社るーきー,2,1259000
991,6370301002652,夢食研株式会社,2,1259000
992,3370302001994,有限会社ファイブエム商事,2,1254000
993,6370001003562,株式会社ダイゲン,2,1250000
994,9370005001378,学校法人庄司昭学園,2,1236000
995,7370201000053,株式会社大豆カンパニー,2,1214000
996,2370801001257,リップカンパニー株式会社,2,1205000
997,3370005008916,ＫＯＹＡＭＡ社会保険労務士法人,2,1200000
998,9370005000330,一般財団法人みやぎ静心会,2,1200000
999,9370202003581,有限会社とんたろう,2,1200000
1000,8370005009959,医療法人悠康会,2,1190000
1001,9370001014672,株式会社志,2,1185000
1002,6370005003864,医療法人めざきクリニック,2,1165000
1003,1370001003253,株式会社スズキ,2,1164000
1004,5370605000155,学校法人聖光学園,2,1164000
1005,1370002016493,株式会社グローアップ・シーン,2,1141000
1006,8370001043846,株式会社エーティー建機,2,1136000
1007,2370001022921,株式会社新生工業,2,1121000
1008,2370005001236,医療法人社団伸生会,2,1118000
1009,6370201003924,株式会社今野農産,2,1109191
1010,9370001016702,株式会社Ｔ－ｐｌａｎ,2,1096000
1011,7370202001372,有限会社ダイショウサービス,2,1094000
1012,5370005002363,医療法人社団弘仁会,2,1091500
1013,2370005001252,医療法人社団尚潤会塩沢消化器内科,2,1080000
1014,3370005001342,医療法人めときこどもクリニック,2,1080000
1015,3370805000064,医療法人武田内科医院,2,1080000
1016,6370305000421,医療法人おおば小児クリニック,2,1080000
1017,7370205001394,医療法人鎌田内科クリニック,2,1080000
1018,8370005000001,一般社団法人五常会,2,1080000
1019,8370005009125,医療法人一期一会,2,1080000
1020,7370005002114,特定非営利活動法人シャロームの会,2,1076000
1021,8370101000326,株式会社ゆっぽ,2,1007000
1022,3370502000796,有限会社ふらんせ,2,1005000
1023,3370005002885,医療法人恵尚会,2,1004000
1024,3370001044361,株式会社ＧＣ－Ｌａｂ,2,1001000
1025,1370001005720,トヨタカローラ宮城株式会社,2,1000000
1026,1370001031460,宮城商事株式会社,2,1000000
1027,3370001018729,株式会社永勘染工場,2,1000000
1028,3370801000019,株式会社いこい住設,2,1000000
1029,4370001041432,阿部勘酒造株式会社,2,1000000
1030,4370001043718,豊かな心株式会社,2,1000000
1031,5370101001707,株式会社坊源,2,1000000
1032,5370301003503,株式会社佐藤石油,2,1000000
1033,7370801001401,株式会社甘仙堂,2,1000000
1034,8370002015761,有限会社牛魔王,2,1000000
1035,8370301003426,株式会社鈴木デンタルラボラトリー,2,1000000
1036,7370201003139,萩野酒造株式会社,2,999000
1037,2370302001293,有限会社シンコウファーム,2,976932
1038,7370205001056,社会福祉法人聖心会,2,967000
1039,3013301030455,クレバード株式会社,2,960000
1040,3370002009826,有限会社ウチダ空調,2,941000
1041,9370001018839,株式会社水谷自動車,2,937000
1042,6370002013750,有限会社ミルズ,2,930000
1043,8370001047145,株式会社Ｍｉｅｌ　ｅｔ　Ｆｌｅｕｒｓ,2,930000
1044,1370001017633,株式会社ミクロ精工,2,921000
1045,2370105000121,医療法人社団毛利クリニック,2,900000
1046,6370001007150,ウォーターワークス仙台株式会社,2,900000
1047,7370505000030,学校法人あしのめ学園,2,868000
1048,6370305000504,石巻かほく商工会,2,851855
1049,8370001010433,株式会社マザーズえりあサービス,2,831000
1050,5370205000084,医療法人社団佐藤医院,2,830000
1051,7370302003145,有限会社ファーム・ソレイユ東北,2,797000
1052,4370601002767,株式会社海心,2,761000
1053,1370001013913,株式会社アーパス,2,750000
1054,6370003003593,合同会社村田ファーム,2,747098
1055,5370603000347,合同会社ｆｌｕｉｒ,2,747000
1056,2370602003329,株式会社大興,2,743000
1057,4370001039765,株式会社ジャスティス,2,732000
1058,8370001001820,株式会社シーガル,2,726000
1059,3370001015387,ラトリア・スクエア株式会社,2,722000
1060,5370001019816,株式会社ユーエス,2,720000
1061,7370401000852,株式会社さくら牧場,2,714000
1062,9370002019381,有限会社ライフサポート,2,713000
1063,1370005001443,学校法人やわらぎ学園,2,708000
1064,9370202003004,有限会社トラストメディカル,2,708000
1065,2370202005163,有限会社アネックスホテルアベ,2,700000
1066,4370001024973,株式会社あるく,2,700000
1067,3370205000045,学校法人明星学園,2,664000
1068,1370005001360,学校法人愛子学園,2,655000
1069,4370005010202,医療法人やもと眼科,2,650000
1070,9370002014515,有限会社仙台畳サービス,2,630000
1071,3370003003704,プログレス合同会社,2,628000
1072,1370105000106,学校法人喜幸学園,2,622000
1073,2370005001582,河原町商店街振興組合,2,600000
1074,7370205000355,医療法人星眼科医院,2,600000
1075,5370205000068,医療法人永仁会,2,584000
1076,9370102002221,有限会社和食味処宮寿司,2,583000
1077,4370005003560,医療法人準星会,2,580000
1078,5370001017828,株式会社友美装,2,556000
1079,2370201002640,株式会社エコス農業法人,2,546000
1080,3370001013622,株式会社高橋屋根仙台,2,544000
1081,1370005001410,学校法人東音学園,2,543000
1082,7370001002373,株式会社若松建設,2,541000
1083,2370001009514,株式会社トラストメディカル,2,532000
1084,6370005001265,医療法人社団清鈴会,2,507000
1085,6370001000584,協和株式会社,2,500000
1086,8370005002014,医療法人社団豊麗会牛込医院,2,500000
1087,8370102000003,有限会社アイテック,2,500000
1088,9370001009210,株式会社チバ電気システムサービス,2,500000
1089,9370005009479,医療法人繁玲会,2,500000
1090,4370005001374,学校法人幸学園,2,486000
1091,2370005001343,医療法人ひろせ会,2,476000
1092,6370005001331,医療法人松田会,2,450000
1093,4370001039518,株式会社レーラー,2,400000
1094,7370501000001,アサヤ株式会社,2,384000
1095,1370005003142,医療法人社団鈴村眼科,2,350000
1096,3370005003215,社会福祉法人うえるかむ,2,340000
1097,1370005001286,医療法人太世会フォレスト内科クリニック,2,330000
1098,1370005001344,医療法人社団山家内科医院,2,330000
1099,1370005002664,医療法人社団雅会,2,330000
1100,1370005009115,医療法人社団ヨシノデンタルクリニック,2,330000
1101,2370005001310,医療法人西多賀眼科医院,2,330000
1102,2370005002052,医療法人社団安田クリニック,2,330000
1103,2370005003109,医療法人鈎取診療所,2,330000
1104,2370205000070,医療法人遠藤皮膚科医院,2,330000
1105,2370205001515,医療法人川井歯科医院,2,330000
1106,2370305000425,医療法人池田整形外科医院,2,330000
1107,2370305000771,医療法人社団佐藤歯科医院,2,330000
1108,3370005001334,医療法人宮城野歯科医院,2,330000
1109,3370005002893,医療法人社団上桜木しんがい脳神経外科,2,330000
1110,3370005009484,医療法人すずき整形外科・小児科内科,2,330000
1111,4370005001325,医療法人平沢内科,2,330000
1112,4370005002364,医療法人恵愛会台原歯科医院,2,330000
1113,4370105000111,医療法人社団飯淵歯科医院,2,330000
1114,4370205001257,医療法人社団伊藤医院,2,330000
1115,5370005001258,医療法人社団誠和会澁川内科医院,2,330000
1116,5370005001266,医療法人社団仙台北クリニック,2,330000
1117,5370005001340,医療法人三浦整形外科医院,2,330000
1118,5370305000430,医療法人社団伊藤内科クリニック,2,330000
1119,5370405000487,医療法人社団恭謹会上杉皮膚科医院,2,330000
1120,5370605000056,医療法人慈啓会千葉歯科医院,2,330000
1121,5370605000659,医療法人社団西村歯科医院,2,330000
1122,6370005001141,医療法人社団阿部眼科診療所,2,330000
1123,6370005002858,医療法人社団明石台整形外科,2,330000
1124,6370405000486,医療法人社団田中医院,2,330000
1125,7370005009357,医療法人社団アイデンタルクリニック,2,330000
1126,7370205001519,医療法人社団飛翔会,2,330000
1127,7370305000437,医療法人社団かづま内科クリニック,2,330000
1128,7370405000568,医療法人社団佐幸医院,2,330000
1129,8370005001255,医療法人須藤内科クリニック,2,330000
1130,8370005001346,医療法人社団山下歯科クリニック,2,330000
1131,8370305000816,医療法人社団ササキ歯科クリニック,2,330000
1132,8370605000722,医療法人ファミリア歯科,2,330000
1133,8370805000209,医療法人氏家医院,2,330000
1134,9370005001155,医療法人社団いずみクリニック,2,330000
1135,9370005001188,医療法人社団桂こどもクリニック,2,330000
1136,9370005001329,医療法人社団豊陽会,2,330000
1137,9370005001345,医療法人社団矢野歯科医院,2,330000
1138,9370005002062,医療法人マコトデンタルオフィス,2,330000
1139,9370005002178,医療法人社団古川会,2,330000
1140,9370005002302,医療法人社団沖野内科医院,2,330000
1141,9370405000566,医療法人健心会おおたおおたにクリニック,2,330000
1142,2370205001259,医療法人佐々木胃腸科,2,327000
1143,3370001039849,株式会社ＪＯＩＮＴＥＣＨ,2,324000
1144,4370001020675,株式会社オールスパイス,2,315000
1145,2370003003457,合同会社リーガルプライマリケア,2,306000
1146,7370005002304,医療法人社団台原整形外科,2,304000
1147,5370205001264,学校法人淑徳学園,2,283000
1148,2370302000345,有限会社うめもと薬局,2,260000
1149,4370202003157,有限会社イシン薬局,2,260000
1150,4370302000748,有限会社キクユウ薬局,2,260000
1151,5370202000797,有限会社十日町調剤薬局,2,260000
1152,6370301002272,株式会社こぐま薬局,2,260000
1153,7370001043384,株式会社調剤薬局アウル,2,260000
1154,7370002007306,有限会社健生薬局,2,260000
1155,7370102002314,有限会社菅野薬局,2,260000
1156,8370002018302,有限会社ハーブ調剤薬局,2,260000
1157,9370001008204,株式会社桜井薬局,2,260000
1158,9370302002525,友愛薬局有限会社,2,260000
1159,9370802000920,有限会社サン薬局,2,260000
1160,9370005009363,医療法人社団ありまファミリークリニック,2,253500
1161,3370002014198,株式会社ソーシャルライズ,2,250000
1162,8370001015135,株式会社ネクサスソリューション,2,249000
1163,6370005003113,医療法人イーハトーブ,2,248000
1164,6370005001307,医療法人社団長野内科胃腸科,2,247000
1165,8370302001189,有限会社サンファーム奥松島,2,223500
1166,8370205000156,農事組合法人親栄農業生産組合,2,201612
1167,9370001044959,株式会社ファーム沢渡,2,198000
1168,5370002015698,有限会社らいらっく調剤薬局,2,180000
1169,7370205001956,一般社団法人Ｈｅａｒｔｓ,2,167832
1170,5370005001299,医療法人土橋内科医院,2,165000
1171,8370001039472,株式会社Ａｍｅｒｉｃａｎ　Ｔｉｍｅ,2,162000
1172,5370005002504,医療法人社団のろこどもクリニック,2,161000
1173,2370005009790,医療法人社団東松島市鳴瀬歯科診療所,2,155000
1174,8370101002149,株式会社ゼルコバドリーム,2,144000
1175,2370105000105,みやぎ県南医療生活協同組合,2,140000
1176,6370001022083,株式会社みちさき,2,139500
1177,1370001019142,株式会社ｓ．ｍ．ｃｏｎｓｕｌｔｉｎｇ,2,128000
1178,2370005002011,医療法人盟陽会,2,122000
1179,8370001043458,株式会社ＥＩＧＨＴ　ＣＲＯＷＮＳ,2,121800
1180,4370001039699,ＡＮＶＩＡＮ　ＩＮＴＥＲＮＡＴＩＯＮＡＬ株式会社,2,121000
1181,1370005010238,農事組合法人うぇすとファーム仙台,2,108000
1182,1370502000897,有限会社水山養殖場,2,105000
1183,5370001046934,株式会社夢ファームＴＯＭＩＹＡ,2,102510
1184,2370101000224,株式会社東北軽金属,2,96600
1185,6370005002503,医療法人社団くまがいクリニック,2,93000
1186,4370305000902,特定非営利活動法人ベビースマイル石巻,2,82000
1187,3370305000390,学校法人桂林学園,2,81000
1188,2370002018010,有限会社マイト,2,75000
1189,7370001046107,株式会社ＮＯＶＥ,2,75000
1190,9370205001987,農事組合法人田尻アグリワーカーズ,2,50160
1191,6370005001926,医療法人江川クリニック,2,10500
1192,8370005001239,医療法人柴崎内科小児科医院,2,6500
1193,6370005001819,医療法人なるみ赤ちゃんこどもクリニック,2,6000
1194,3370005001276,医療法人社団丹野皮膚科,2,5000
1195,5370005002108,医療法人社団英会,2,5000
1196,1370002015033,有限会社川商,2,0
1197,2370005001574,みやぎ仙台商工会,2,0
1198,2370602000788,有限会社佐藤精肉店,2,0
1199,3370001014331,株式会社フォロー,2,0
1200,3370001025519,株式会社丸高,2,0
1201,3370001031525,株式会社空むすび,2,0
1202,3370205001530,若柳金成商工会,2,0
1203,4370205001380,大崎商工会,2,0
1204,4370302001523,有限会社田中畳店,2,0
1205,4370605000684,利府松島商工会,2,0
1206,5370202004617,有限会社只見工業所,2,0
1207,5370205001529,栗原南部商工会,2,0
1208,5370805000426,亘理山元商工会,2,0
1209,6370001021283,さくらヘルスケア仙台株式会社,2,0
1210,6370001040688,ブエンモスト株式会社,2,0
1211,6370101002209,ルヴォワール株式会社,2,0
1212,7370001041165,株式会社チック,2,0
1213,7370001041784,株式会社ｚｅｒｏａｄ,2,0
1214,8370001042542,株式会社スーパーナノデザイン,2,0
1215,8370005002897,くろかわ商工会,2,0
1216,8370301002972,株式会社カーム,2,0
1217,8370405000146,登米中央商工会,2,0
1218,9370001018665,株式会社旅日記,2,0
1219,3700150099206,角田市農業再生協議会,1,286628000
1220,1370005000791,仙台農業協同組合,1,186448000
1221,6700150036073,登米市農業再生協議会,1,155160000
1222,2370001002452,東北放送株式会社,1,133567000
1223,6370301000029,網地島ライン株式会社,1,110896467
1224,4370301002233,シーパル女川汽船株式会社,1,85021705
1225,3700150035672,東北印刷工業厚生年金基金,1,78532213
1226,3370005008940,特定非営利活動法人中山街づくりセンター,1,60787558
1227,9370001041403,株式会社アキウツーリズムファクトリー,1,59547357
1228,1700150036152,河南矢本土地改良区,1,55500000
1229,1700150036144,石巻市蛇田土地改良区,1,49500000
1230,1370305000392,学校法人法山寺学園,1,48980000
1231,3370401000427,株式会社ウジエスーパー,1,41470710
1232,4370001011311,東北電力株式会社,1,40000000
1233,3370801000134,センコン物流株式会社,1,36350460
1234,3370005009897,一般社団法人みちのく復興・地域デザインセンター,1,35998000
1235,2370505000043,医療法人くさの実会,1,32695000
1236,3700150035714,東北三県自動車整備厚生年金基金,1,31245729
1237,5370001011855,株式会社エヌウィック,1,30042066
1238,2700150036143,石巻市稲井土地改良区,1,30000000
1239,6370005000085,一般社団法人宮城県建築士事務所協会,1,30000000
1240,7370001021729,株式会社イッコウ,1,30000000
1241,7370003003510,仙台スマートマシーンズ株式会社,1,29431250
1242,8700150035791,名取土地改良区,1,27881000
1243,9370005002260,学校法人聖公会青葉学園,1,25066000
1244,1370805000058,社会福祉法人宮城福祉会,1,24930000
1245,5370005001968,医療法人社団健秀会,1,24708000
1246,4370805000278,ゆりあげ港朝市協同組合,1,24196933
1247,4370005001390,学校法人仙台ＹＭＣＡ学園,1,23540000
1248,5370005001720,宮城県漁船保険組合,1,23425953
1249,3700150036010,涌谷町土地改良区,1,21000000
1250,3370001012062,株式会社コスモスウェブ,1,20177193
1251,3370305000647,いしのまき農業協同組合,1,18820000
1252,3370201000255,大研工業株式会社,1,18055812
1253,8370601000346,宮城ケーブルテレビ株式会社,1,16165000
1254,7370005002007,医療法人さくら,1,15892000
1255,6370005002494,医療法人賢善会,1,15309000
1256,1370001012915,株式会社ギルドネクスト,1,15000000
1257,1370205001524,社会福祉法人迫川会,1,15000000
1258,7010001177367,貴凛庁株式会社,1,15000000
1259,1370401000107,ヤマカノ醸造株式会社,1,14454508
1260,8370605000094,協同組合塩釜水産物仲卸市場,1,13976666
1261,7370201003519,株式会社サスティナライフ森の家,1,13096000
1262,3370001006675,仙台臨海鉄道株式会社,1,13000000
1263,1370501000007,株式会社阿部長商店,1,12624000
1264,3370001011329,東北発電工業株式会社,1,12497500
1265,1370001039322,株式会社フィッシャーマン・ジャパン・マーケティング,1,12495102
1266,6370001009403,東洋機械株式会社,1,12290214
1267,8370003003352,薬莱スカイサービス合同会社,1,12250000
1268,3370005000187,一般財団法人広南会,1,12000000
1269,8370005000158,公益社団法人宮城県緑化推進委員会,1,11954000
1270,3370305000242,青葉神社,1,11948000
1271,8370605000061,医療法人菅野愛生会,1,11799000
1272,4370001001221,株式会社ミヤックス,1,11682000
1273,3370001003747,株式会社成田鋼業,1,11524718
1274,7370001017594,東北岡島工業株式会社,1,11333333
1275,6370005002899,医療法人　深見クリニック,1,11163000
1276,5370305000455,医療法人社団中川内科外科医院,1,11030000
1277,2370101000117,株式会社菅生,1,11017562
1278,6370005003220,社会福祉法人やまとみらい福祉会,1,10037936
1279,2700150036011,大崎土地改良区,1,10000000
1280,2370005000147,一般社団法人宮城県ビルメンテナンス協会,1,9996000
1281,5370005005993,特定非営利活動法人浜わらす,1,9951705
1282,1370005003118,一般社団法人東北映像製作社協会,1,9750000
1283,3370001002030,株式会社東栄科学産業,1,9609262
1284,1370005003002,特定非営利活動法人東北の造形作家を支援する会,1,9514000
1285,2370001042746,株式会社ＲＴｉ－ｃａｓｔ,1,9497000
1286,1370001012023,バイスリープロジェクツ株式会社,1,9487927
1287,2370001015347,匠ソリューションズ株式会社,1,9450346
1288,2370201002863,株式会社豊徳,1,9268981
1289,9370501001063,株式会社南三陸農工房,1,8708000
1290,2370601002686,ぜんぎょれん食品株式会社,1,8691660
1291,3370505000488,南気仙沼水産加工事業協同組合,1,8411000
1292,3370001001924,株式会社玉川製作所,1,8401161
1293,2370001043133,株式会社全力優,1,8303215
1294,6370005003377,一般社団法人東北地区信用金庫協会,1,8286600
1295,3370005000138,公益社団法人みやぎ農業振興公社,1,8250000
1296,6370001046479,株式会社スパイスコミュニケーション,1,7975000
1297,3370005009195,東北・食文化輸出推進事業協同組合,1,7939495
1298,8370005001379,学校法人庄司学園,1,7918000
1299,1370005001311,医療法人社団虹の丘小児科内科クリニック,1,7839000
1300,2370001009852,株式会社花祭壇,1,7565728
1301,6370002018329,有限会社　ウェル　ファー,1,7514000
1302,8370605000747,一般社団法人松島のかぜ,1,7500000
1303,2700150036102,北上川沿岸中田地区土地改良区,1,7203000
1304,7370005001652,みやぎ生活協同組合,1,7170000
1305,5370001006921,株式会社アベキ,1,7161000
1306,7370805000473,特定非営利活動法人亘理いちごっこ,1,6658866
1307,1370102000744,株式会社蔵王高原牧場,1,6269870
1308,6370301000697,末永海産株式会社,1,6188000
1309,2370005001327,医療法人社団たかやなぎこども医院,1,6185000
1310,1370002017855,有限会社リプル,1,6000000
1311,1370005004041,一般社団法人仙台オペラ協会,1,6000000
1312,1700150108240,ベイサイドミュージックカンパニー,1,6000000
1313,2700150105006,虹のさかなプロダクション,1,6000000
1314,3370005002308,特定非営利活動法人とっておきの音楽祭,1,6000000
1315,5370003003495,合同会社福祉文化出版,1,6000000
1316,5370301003040,株式会社クロックサウンド,1,6000000
1317,7700150107699,ＤＡＮＣＥＸ実行委員会,1,6000000
1318,8370001047054,Ｗａｒｍｔｈ株式会社,1,6000000
1319,4370002017588,有限会社ミナ・コーポレーション,1,5743000
1320,1370305000921,特定非営利活動法人りあすの森,1,5729523
1321,8370005000950,仙台中央青果卸売協同組合,1,5680000
1322,4370005001572,仙台商工会議所,1,5540000
1323,4370405000570,医療法人島医院,1,5537000
1324,9370001013039,株式会社南北社,1,5513800
1325,4370101000239,株式会社モトキ,1,5500000
1326,6370001039136,石巻うまいもの株式会社,1,5462893
1327,1370801001860,株式会社ＧＲＡアグリプラットフォーム,1,5310000
1328,5370001007317,株式会社エムケーコーポレーション,1,5183000
1329,1370001017732,株式会社アルコム,1,5000000
1330,5370001004181,株式会社門間簞笥店,1,5000000
1331,5370203000219,合名会社川敬商店,1,5000000
1332,5430001088136,株式会社ＩＭＬ,1,5000000
1333,5370001043345,七十七リサーチ＆コンサルティング株式会社,1,4966500
1334,5370003005302,合同会社オフィスＴＲ,1,4763000
1335,3700150036051,小山田川沿岸土地改良区,1,4500000
1336,5370001022316,ジラフ製パン株式会社,1,4500000
1337,9370501000230,株式会社斉吉商店,1,4382713
1338,4370205000093,医療法人華桜会,1,4340000
1339,8370405000583,医療法人社団緑水会米川診療所,1,4337000
1340,9370001016974,株式会社サンワ・レストラン・クリエイツ,1,4211850
1341,2370005001194,医療法人社団菊地胃腸科内科医院,1,4132000
1342,5370205001875,特定非営利活動法人未来産業創造おおさき,1,4088406
1343,7370802000971,ＮＸエネルギー東北株式会社,1,4076920
1344,6370005010282,一般社団法人とおがったプロジェクト,1,4021232
1345,3370801000605,株式会社宮城マイクロブルワリー,1,4000000
1346,6370205001899,一般社団法人みやぎ大崎観光公社,1,4000000
1347,3370801000191,東和化成株式会社,1,3989250
1348,3370005001441,学校法人本松学園,1,3906000
1349,2370801000052,株式会社小野製作所,1,3838799
1350,3370805000287,医療法人社団さくら有鄰堂,1,3818000
1351,4370605000049,医療法人及川内科医院,1,3771000
1352,9370005009784,医療法人済生の森,1,3657000
1353,8370801000245,株式会社ホラグチ,1,3600000
1354,8370005003615,学校法人赤門宏志学院,1,3460000
1355,7370005001594,なかやま商店街振興組合,1,3419999
1356,7370001038806,株式会社Ｓｏｌｆａ,1,3319000
1357,1370005002037,学校法人仙台北学園,1,3282000
1358,8370102001694,株式会社佐藤製作所,1,3250000
1359,2370305000516,医療法人社団信和会,1,3128000
1360,1370205001763,医療法人沢辺中央医院,1,3065000
1361,5370002013280,有限会社プランニング開,1,3049000
1362,5370001022720,株式会社東北農都共生総合研究所,1,3009000
1363,7370001005153,株式会社サトー商会,1,2980880
1364,8370201002866,株式会社丸和製作所,1,2972470
1365,5370002013553,有限会社松原商店,1,2950000
1366,1370305000772,医療法人社団大樹会,1,2838000
1367,1370201002757,株式会社エネサンス東北,1,2800000
1368,6370001012745,ミライフ東日本株式会社,1,2800000
1369,7370001005401,株式会社設備センター,1,2800000
1370,5700150035522,東北管工事業厚生年金基金,1,2798789
1371,4370305000398,社会福祉法人矢本愛育会,1,2757150
1372,9370005010197,医療法人拓明会,1,2756000
1373,6370001009031,株式会社タゼン,1,2737000
1374,5400601001120,株式会社空地音ハーモニー,1,2733943
1375,1370001007493,オリックスレンタカー・カメイ株式会社,1,2640000
1376,4370001008489,白ゆり商事株式会社,1,2616350
1377,8370001006687,仙台エルピーガス株式会社,1,2600000
1378,1370005010626,農事組合法人美ファーム羽出庭,1,2565500
1379,7370001003009,今野印刷株式会社,1,2520000
1380,6370501000373,株式会社八葉水産,1,2488086
1381,8370101000227,三丸化学株式会社,1,2433333
1382,3370002012111,有限会社田畑会計事務所,1,2431733
1383,2370001049411,株式会社東日本輪遊,1,2400000
1384,3370502000730,有限会社根口商店,1,2400000
1385,7370002020481,株式会社今野技研,1,2400000
1386,9370001042847,株式会社ハナミズキ音楽事務所,1,2392000
1387,9370005003317,医療法人かんのキッズクリニック,1,2380000
1388,4370001003861,株式会社パルックス,1,2348650
1389,4370205001430,特定非営利活動法人やくらい百姓塾,1,2340000
1390,4370305000927,一般社団法人東松島みらいとし機構,1,2317000
1391,2370202003101,有限会社鳴子中央タクシー,1,2291000
1392,7370005002642,仙台箪笥協同組合,1,2199573
1393,9370605000655,宮城県中華飲食生活衛生同業組合,1,2197000
1394,4370003003307,ＪＬミニストリー合同会社,1,2170000
1395,8370601000429,株式会社鈴憲商店,1,2100000
1396,8370001048960,株式会社黒澤農産,1,2047400
1397,8370001013650,株式会社デザイン工房,1,2042000
1398,7370005009258,医療法人社団慈篤会,1,2030000
1399,2370101002261,株式会社ＢＯＦ,1,2000000
1400,3370301000320,株式会社カツマタ,1,2000000
1401,9370605000085,マルハマ運輸株式会社,1,2000000
1402,7370001003280,株式会社せいる,1,1998000
1403,9370005003036,一般社団法人ＭＭＩＸ　Ｌａｂ,1,1958000
1404,5370001015633,株式会社ゆいネット,1,1925760
1405,1370005009057,一般社団法人イシノマキ・ファーム,1,1923013
1406,6370001003100,株式会社サトー食肉サービス,1,1906093
1407,5700150036009,旧迫川右岸土地改良区,1,1859493
1408,1370001048406,株式会社ｂｕｚｚＲカンパニー,1,1830000
1409,3370005003883,医療法人和康会,1,1815000
1410,1370001006669,株式会社仙台木材市場,1,1790000
1411,3370001007062,株式会社イトオン,1,1743000
1412,5370601000761,株式会社松島センチュリーホテル,1,1729000
1413,3370501000285,株式会社菅原工業,1,1713500
1414,4370205000102,社会福祉法人大崎誠心会,1,1694000
1415,2370005001467,社会福祉法人こーぷ福祉会,1,1691666
1416,5370401000490,株式会社菅原屋,1,1666666
1417,5370005001225,社会医療法人康陽会,1,1640000
1418,2370801001463,仙南農産株式会社,1,1635600
1419,5370205001933,一般社団法人加美町畜産公社,1,1610000
1420,5370001021210,株式会社ＭＡＹＵＲＡ,1,1500000
1421,6370001042866,株式会社ＲｅＳｔａｒｔ,1,1500000
1422,6700150036271,白石市土地改良区,1,1500000
1423,8370001017610,株式会社プラモール精工,1,1500000
1424,6370601003318,株式会社かね久,1,1475000
1425,2700150108925,ジャズアンドフリーダム実行委員会,1,1427000
1426,4370001013596,株式会社ＩＦＧ,1,1414000
1427,4370401000888,株式会社東洋エレクトロニクス,1,1400000
1428,3370301000683,水月堂物産株式会社,1,1382572
1429,9370001013311,コスモスケア株式会社,1,1354166
1430,8370005001718,更生保護法人宮城東華会,1,1340000
1431,7370801000080,株式会社クリハラ,1,1304120
1432,8370003005299,合同会社ごえもん,1,1300000
1433,9370305000419,医療法人社団医眞会,1,1290000
1434,7370001044936,株式会社建部商会,1,1255000
1435,2370002018431,有限会社三省サポート,1,1250000
1436,5370601003319,株式会社アステラ,1,1240000
1437,7370005008870,キラリ社会保険労務士法人,1,1217000
1438,6370001049440,株式会社学進建設,1,1211000
1439,3370005002332,社会福祉法人ぽっけコミュニティネットワーク,1,1200000
1440,5370602001924,有限会社八百照,1,1200000
1441,6370805000284,医療法人社団いとう肛門科医院,1,1200000
1442,8370201003897,株式会社エール,1,1200000
1443,5370205001776,農事組合法人水鳥,1,1191940
1444,9370005002946,特定非営利活動法人ふうどばんく東北ＡＧＡＩＮ,1,1159815
1445,1370005001393,学校法人清野学園,1,1142000
1446,1370005001476,社会福祉法人泉和会,1,1100000
1447,7370305000429,医療法人あべクリニック産科婦人科,1,1100000
1448,2370001047522,株式会社泉配食サービス,1,1089000
1449,8370002018772,有限会社アルティメート,1,1088000
1450,8370002001010,有限会社福寿プランニング,1,1081000
1451,1370101001347,白石ヘルス開発株式会社,1,1080000
1452,3370003003869,おのでらファーム合同会社,1,1068750
1453,2370001044346,株式会社ＮＳＡ,1,1056000
1454,5370001012127,錦エステート株式会社,1,1050700
1455,8370205001518,医療法人社団ささき産婦人科クリニック,1,1050000
1456,9370605000267,圓通院,1,1030000
1457,1370305000434,医療法人社団小林耳鼻咽喉科医院,1,1028000
1458,9370405000517,協業組合県北清掃公社,1,1000333
1459,1370001009952,東日本チェスコム株式会社,1,1000000
1460,1370001023730,株式会社ノムタベル,1,1000000
1461,1370001039677,ＤＳ株式会社,1,1000000
1462,1370201000249,株式会社ソマキ,1,1000000
1463,1370202004538,有限会社よしかわ,1,1000000
1464,1370302000701,有限会社海馬工苑,1,1000000
1465,1370505000457,医療法人社団新生会,1,1000000
1466,2370001042787,株式会社データリカバリー,1,1000000
1467,2370002007616,有限会社ジェイ・ティー・シィー,1,1000000
1468,2370005001847,医療法人尚圭フェニックス,1,1000000
1469,2370101001651,株式会社山一商事,1,1000000
1470,2370201002970,長谷川タイヤ興産株式会社,1,1000000
1471,2370202001039,有限会社ホンダバイパス鈴木,1,1000000
1472,2370205001374,社会福祉法人おおさきさくら福祉会,1,1000000
1473,2370302000337,有限会社岩倉急送,1,1000000
1474,2370601003148,株式会社明栄総建,1,1000000
1475,2370801000721,ひかりオート株式会社,1,1000000
1476,3370001000918,株式会社長命土地,1,1000000
1477,3370001017714,パルサービス株式会社,1,1000000
1478,3370001045566,ＳＴＵＤＩＯ　ＤＥＳＳＥＲＴ株式会社,1,1000000
1479,3370005002951,一般社団法人国分町街づくりプロジェクト,1,1000000
1480,3370202000700,有限会社タカケン,1,1000000
1481,3370203000427,株式会社ＰＲＣ,1,1000000
1482,4370001025518,株式会社ドリーム,1,1000000
1483,4370002020286,有限会社蜂谷新聞店,1,1000000
1484,4370005003866,医療法人社団敏翔会,1,1000000
1485,4370101001823,株式会社信成堂,1,1000000
1486,4370201002317,株式会社佐藤建設,1,1000000
1487,4370205000077,医療法人社団千葉医院,1,1000000
1488,4370301001482,株式会社木の屋石巻水産,1,1000000
1489,4370801000653,株式会社冨沢商店,1,1000000
1490,5370001018025,株式会社リファインライフ企画,1,1000000
1491,5370001024403,株式会社東洋サービス,1,1000000
1492,5370001039434,株式会社タカコウ,1,1000000
1493,5370002020376,有限会社宮建興業,1,1000000
1494,5370003004007,合同会社エスティーシー,1,1000000
1495,5370201003529,株式会社東日本開発,1,1000000
1496,6370001004899,株式会社金華工業商会,1,1000000
1497,6370001016630,はせがわデンタルデザイン株式会社,1,1000000
1498,6370001042065,株式会社ＡＶＯＣＥＴ,1,1000000
1499,6370002006787,有限会社うるし山タイヤ,1,1000000
1500,6370002018618,有限会社ジー・エイチカンパニー,1,1000000
1501,6370102002587,有限会社森昭,1,1000000
1502,6370202001357,有限会社サン・メタリックス,1,1000000
1503,6370202004062,有限会社ラステック,1,1000000
1504,6370205001775,特定非営利活動法人みやぎ身体障害者サポートクラブ,1,1000000
1505,7370001000501,株式会社エクセル,1,1000000
1506,7370001000740,株式会社ジェミニオート勝美,1,1000000
1507,7370001006655,株式会社仙台トラツクターミナル,1,1000000
1508,7370001009410,株式会社東陽写場,1,1000000
1509,7370001018881,株式会社商英ジャパンフーズ,1,1000000
1510,7370001022074,株式会社ヘキサ,1,1000000
1511,7370001022999,株式会社オフィス大塚,1,1000000
1512,7370001044102,株式会社花いかだ,1,1000000
1513,7370002009013,有限会社リーフトゥワン,1,1000000
1514,7370003001365,ＧＯＬＤＥＮ合同会社,1,1000000
1515,7370101001151,総合企画佐藤建築株式会社,1,1000000
1516,7370502001130,有限会社村伝,1,1000000
1517,7370605000062,医療法人社団関口内科胃腸科医院,1,1000000
1518,7370801001285,株式会社仙南薬品,1,1000000
1519,8370001005747,中城建設株式会社,1,1000000
1520,8370001020341,株式会社ココワークス,1,1000000
1521,8370001045982,株式会社アクアウェイン,1,1000000
1522,8370001046510,アイエム株式会社,1,1000000
1523,8370101001778,株式会社新大忠リゾート,1,1000000
1524,8370301002808,株式会社メイショウ,1,1000000
1525,9370001002256,水戸屋開発株式会社,1,1000000
1526,9370001003007,株式会社こだま,1,1000000
1527,9370001010886,株式会社和光,1,1000000
1528,9370001025703,ネオテック株式会社,1,1000000
1529,9370001042046,株式会社わたなべ総業エコリンクス,1,1000000
1530,9370005001304,医療法人社団永井小児科医院,1,1000000
1531,9370201002394,宮城ＮＯＫ株式会社,1,1000000
1532,9370805000447,医療法人本郷医院,1,1000000
1533,8370005002402,地方独立行政法人宮城県立こども病院,1,998000
1534,6370001040589,株式会社東洋建設,1,992000
1535,6370001002498,株式会社アースクリーン東北,1,990000
1536,8370201003443,株式会社東北サンジョウ,1,989693
1537,6370002005822,東日本油化工業株式会社,1,983000
1538,2370001042564,株式会社ＴＯＳＨＯ　ＥＮＧ,1,960000
1539,5370201002522,Ｓｙｎｍ　Ｗｏｒｌｄ株式会社,1,960000
1540,6370202003238,有限会社玉造観光タクシー,1,946000
1541,5370001005444,株式会社ダイイチ,1,944000
1542,9370001008006,株式会社光和自動車,1,944000
1543,3370001012186,株式会社インターオプチカル,1,942000
1544,8370201000309,株式会社放電,1,935000
1545,9370001003774,日成部品株式会社,1,935000
1546,8011101067993,株式会社スマイルカンパニー,1,923000
1547,9370001040710,株式会社ハーツブリッジ,1,920000
1548,3370001047653,株式会社徹心,1,916000
1549,3370005000880,中央市場商業協同組合,1,915000
1550,9370001016108,株式会社みらい創研,1,903000
1551,3012401018798,株式会社プラスアルファ,1,894000
1552,1370305000442,医療法人社団仁明会,1,887000
1553,5370005001596,宮町商店街振興組合,1,885810
1554,2370305000862,特定非営利活動法人きらら女川,1,884000
1555,4370001022449,株式会社秀賀会,1,883000
1556,1370001004929,共同輸送株式会社,1,880000
1557,2370001021246,株式会社Ｆｉｎａｌｌｙ,1,880000
1558,1370405000144,登米みなみ商工会,1,878826
1559,6130001060966,株式会社一建,1,877000
1560,9370001011042,株式会社仙台合同会計,1,842000
1561,8370302001239,株式会社エヌ・イー・エス,1,841000
1562,4370001019156,株式会社栄達,1,830000
1563,5370001017464,株式会社泉エキスプレス,1,825000
1564,1370001017674,株式会社ワキメタル,1,823000
1565,2370001013202,株式会社ユニサイト,1,822000
1566,4370001013984,株式会社タートル・コミュニケーションズ,1,814000
1567,6370001019567,食育フードシステム東北株式会社,1,814000
1568,2370605000158,学校法人玉川寺学園,1,806000
1569,6370005009812,特定非営利活動法人アンソレイユ,1,806000
1570,3370001000554,カマダ実業株式会社,1,801000
1571,4370005001606,宮城県森林組合連合会,1,800000
1572,4370302001936,有限会社ピー・エイチ・エス,1,800000
1573,8370003003476,合同会社斎藤園芸,1,800000
1574,9370005009000,一般社団法人アーツグラウンド東北,1,800000
1575,7370005009126,医療法人慶真会,1,792000
1576,8370201003088,株式会社大平昆布,1,790000
1577,2370005001260,医療法人社団誠英会,1,785000
1578,8370001002397,株式会社仙台燃料社,1,782000
1579,9370001011091,株式会社東北労金サービス,1,759000
1580,8370301002709,株式会社ＧＬＡＭ　ＬＡＢＯ,1,756000
1581,2370203000329,株式会社ユーカム,1,750000
1582,9370001013765,株式会社建築工房零,1,750000
1583,9370001039182,株式会社ギグス,1,748000
1584,3370005009121,医療法人三桜会,1,744000
1585,6370001044771,株式会社ファミタル,1,740000
1586,7370001048292,株式会社みみみ,1,738000
1587,5370001024147,加藤建設工業株式会社,1,731000
1588,2370201002161,仙北富士交通株式会社,1,726000
1589,5370305000406,社会福祉法人旭壽会,1,721333
1590,9370001046014,株式会社克電,1,707000
1591,1370002004416,有限会社秋山工芸,1,704000
1592,8370001040686,Ｃｏ　ｅｉｇｈｔ株式会社,1,704000
1593,3370201003695,株式会社二上,1,700000
1594,5370005000937,仙台水産物商業協同組合,1,700000
1595,6370002018312,有限会社ハーデイズ,1,700000
1596,6370501000092,株式会社勝正商店,1,700000
1597,9010701000834,イケダ工機株式会社,1,700000
1598,9370001019671,スマイルモータース株式会社,1,700000
1599,9370201004093,株式会社ガトーみかわ,1,700000
1600,9370401000859,株式会社長生会,1,700000
1601,9370401000438,株式会社及川タイヤ商会,1,697000
1602,1370003004456,合同会社ミューズ,1,692000
1603,4370501000573,志津川オリエント工業株式会社,1,688000
1604,1370001022550,株式会社Ｃ＆Ａ,1,680000
1605,2370401000741,株式会社いわぶち本店,1,677000
1606,8370101002297,株式会社エムエスファーム,1,658500
1607,8370001008964,太陽建物株式会社,1,657000
1608,1370202003498,株式会社ダイカツ興業,1,653000
1609,4370805000501,医療法人三浦クリニック,1,653000
1610,1370605000175,塩釜商工会議所,1,650000
1611,2370201002517,株式会社ユタカ産業,1,641000
1612,7370301003600,株式会社相輝,1,640000
1613,5370001015328,ＡＴアクト株式会社,1,636000
1614,3370001022086,株式会社エスオーエス千代,1,631000
1615,3370001045649,ジーピー株式会社,1,600000
1616,6370802001541,有限会社はぎのタクシー,1,600000
1617,5370301000120,石巻コミュニテイ放送株式会社,1,594000
1618,6370201003437,株式会社栗駒ポートリー,1,594000
1619,7370601000017,株式会社アジアマリンプロダクツ,1,592000
1620,2370001022070,ヒューマンエイド株式会社,1,583000
1621,8370001022726,株式会社Ｓｏｕ　ｇｒｏｕｐ,1,579000
1622,6370001023957,株式会社ＳＫレストラン,1,578000
1623,5370205000043,学校法人誠真学園,1,544000
1624,8370301000555,三養水産株式会社,1,540000
1625,4370002009544,有限会社アイルコーポレーション,1,539000
1626,4370001015915,株式会社パリンカ,1,526000
1627,6370001000758,株式会社シーブイエンジニアリング,1,522000
1628,6370101001598,株式会社タケヤ交通,1,511000
1629,3370305000622,石巻市牡鹿稲井商工会,1,509260
1630,6370505000444,一般社団法人南三陸町観光協会,1,507000
1631,4370301001235,株式会社マルダイ長沼商店,1,506000
1632,1370001015455,株式会社エムシス,1,500000
1633,1370001042152,株式会社鶴和,1,500000
1634,1370001043951,株式会社開日ホールディングス,1,500000
1635,1370002010265,有限会社おでん三吉,1,500000
1636,1370201000199,株式会社櫻井建設,1,500000
1637,1370201000579,株式会社メディアステーション,1,500000
1638,2370001005447,株式会社第一塗装工業所,1,500000
1639,2370001016361,株式会社ＴＪＣ,1,500000
1640,2370001020990,株式会社栄進工業,1,500000
1641,2370001031468,株式会社東北ライフ企画,1,500000
1642,2370001044833,株式会社アンカー,1,500000
1643,2370001044874,株式会社橋本工業,1,500000
1644,3370001008052,株式会社コスモリネンサプライ,1,500000
1645,3370001020569,株式会社ハンズ,1,500000
1646,3370001023415,株式会社ＴＧＭ,1,500000
1647,3370001042407,株式会社ピステ,1,500000
1648,3370001046358,株式会社セレクト,1,500000
1649,3370201002004,株式会社遠藤店,1,500000
1650,3370201002945,株式会社高正建設,1,500000
1651,3370202004775,有限会社アグリテック宮城,1,500000
1652,3370301000139,石巻パーツ株式会社,1,500000
1653,4140001073449,株式会社クックガーデン,1,500000
1654,4370001012706,東軌工業株式会社,1,500000
1655,4370201003538,株式会社熱海総業,1,500000
1656,4370801001701,株式会社菊田鉄筋工業,1,500000
1657,5370001019155,メディカルプロジェクト株式会社,1,500000
1658,5370001024320,株式会社ツバサ,1,500000
1659,5370005009020,医療法人オーソワークス,1,500000
1660,5370101001046,秋葉株式会社,1,500000
1661,5370201002984,株式会社米倉設備工業,1,500000
1662,5370301000979,南光運輸株式会社,1,500000
1663,5370602000892,有限会社柴田,1,500000
1664,6370001021928,株式会社雲の上カンパニー,1,500000
1665,7370001016092,株式会社佐藤ラス工業,1,500000
1666,7370001025424,株式会社Ｗｅｌｌｎｅｓｓ　Ｌｉｎｋ,1,500000
1667,7370001039424,株式会社オーエス工建,1,500000
1668,7370301003278,株式会社美優コーポレーション,1,500000
1669,7370605000673,医療法人如水会,1,500000
1670,8370001006927,株式会社阿部和工務店,1,500000
1671,8370001015003,株式会社ＤＮＩ,1,500000
1672,8370001018360,株式会社テックシステム,1,500000
1673,8370601002986,株式会社メビテック,1,500000
1674,9370001006521,株式会社東北マテリアルス,1,500000
1675,9370001021561,東仙ハウジング株式会社,1,500000
1676,9370001023640,株式会社メディカメンテ,1,500000
1677,9370001024250,プラス建設工業株式会社,1,500000
1678,9370001046666,株式会社スマイルイースト,1,500000
1679,9370003001462,合同会社ビッグママ,1,500000
1680,9370201000464,三和工業株式会社,1,500000
1681,9370201003112,株式会社坂理工作所,1,500000
1682,9370205001946,社会福祉法人ウィンズライフ,1,500000
1683,9370601000493,株式会社大啓工業,1,500000
1684,5370001044137,株式会社ＥＬＥＸＣＥＥＤ,1,499000
1685,6370001022579,株式会社ジョイント仙台,1,496000
1686,7370105001271,公益財団法人白石市文化体育振興財団,1,496000
1687,4370001046745,株式会社ＡＣＥ・エンジニアリング,1,491000
1688,2370102000834,有限会社釜房湖畔楽穀道場,1,484000
1689,6370202003452,株式会社インテクス,1,469000
1690,7370402002303,有限会社高橋商店,1,468000
1691,4370001045128,株式会社泰広,1,465000
1692,1370302003233,有限会社やわらぎ介護センター,1,464000
1693,6370001044920,株式会社ＫＩＫＫＡ,1,464000
1694,2370601002364,株式会社シーエーコンサルタント,1,462000
1695,1370401000115,株式会社渡辺ハウス,1,456000
1696,4370001041556,株式会社ＳＨＯＢＩＤＯ,1,455000
1697,3370205001869,特定非営利活動法人　フォレストサイクル元樹,1,450000
1698,4370005000987,東北交通共済協同組合,1,450000
1699,6370001023239,株式会社すえひろ,1,450000
1700,4370001021013,株式会社アゾットセブンアップス,1,446000
1701,7370001002786,小山産業株式会社,1,440000
1702,5370801000371,株式会社興隆運輸,1,438000
1703,3370003001939,アメニティーサービス合同会社,1,434000
1704,1370001021123,株式会社ＡＺＯＴＨブランチ,1,432000
1705,5370201003719,株式会社チャーム,1,431000
1706,4370003001888,合同会社ＰＡＬ,1,420000
1707,6370001016481,株式会社翼興業,1,420000
1708,6370005004078,特定非営利活動法人創の会,1,419000
1709,3370001015206,株式会社Ｕｔａｈ　Ｔ．Ｉ．Ｏ,1,418000
1710,7370502000636,有限会社たかはし,1,412000
1711,5370005009144,社会福祉法人悠悠会,1,409000
1712,4370201003851,株式会社ケア・ライフ・フェイス,1,400000
1713,8370001017494,熊田建業株式会社,1,400000
1714,8370003001307,株式会社エムケーラック,1,400000
1715,2370001007063,株式会社伊藤青写眞工業社,1,398000
1716,8370001004716,株式会社エーゼット,1,398000
1717,7370001003792,株式会社日東商会,1,396000
1718,2370005009221,一般社団法人仙台地域福祉共創会,1,393000
1719,8370001038904,株式会社ベストワーク,1,393000
1720,3370602000746,有限会社サクライ工業,1,392000
1721,5370001039970,タウンエステート株式会社,1,390000
1722,7370001002381,株式会社ミヤツー,1,380000
1723,4370201003629,ロイヤルハーベスト株式会社,1,370656
1724,5370001024254,株式会社ＣＯＮＳＩＳＴ,1,367000
1725,7370001005715,冨田マテックス株式会社,1,367000
1726,9370001042129,新沼総合会計事務所株式会社,1,363000
1727,4370301002241,株式会社東部環境,1,362000
1728,5370001018082,株式会社ＧＵＩＬＤ,1,360000
1729,7370801001987,株式会社名取北釜ファーム,1,360000
1730,7370005009274,医療法人ＳＡＩ皓世会,1,356000
1731,7370301002321,株式会社丸雄組,1,346000
1732,6370002009030,有限会社ローズデール,1,343000
1733,6370002018337,有限会社タクミツ,1,340000
1734,7370005001215,医療法人浩仁会太郎丸歯科医院,1,339000
1735,3370001043140,株式会社石巻フーズ,1,337000
1736,8370001047293,株式会社エミネス,1,336000
1737,7370001007307,株式会社エフエム仙台サウンズ,1,333000
1738,2370001016618,株式会社オーライ,1,332000
1739,2370001003657,東通インテグレート株式会社,1,330000
1740,5370001015889,株式会社森の風,1,327000
1741,7370601000917,株式会社祐文堂,1,324000
1742,2370301001352,山下設備工業株式会社,1,322000
1743,5370601000712,カメイ物流サービス株式会社,1,320000
1744,5370102002778,有限会社せいてん,1,319866
1745,5370005002792,学校法人たちばな学園,1,317000
1746,7370301000985,株式会社南光物流サポート,1,314000
1747,6370001043369,株式会社リノシア,1,311000
1748,9370001024572,株式会社セッショナブル,1,311000
1749,3370001019198,株式会社ファーマケーション,1,309000
1750,2370001004011,株式会社邦友,1,307000
1751,8370001018063,株式会社西原工業,1,305000
1752,3370005002497,医療法人泉山会,1,303000
1753,7370001042675,株式会社八大,1,303000
1754,2370501000922,コスモ企画株式会社,1,300000
1755,3370001041251,株式会社鈴木左官,1,300000
1756,7370401000745,株式会社ダイワ重機,1,300000
1757,2370202005254,有限会社ドライブインなかはら,1,299000
1758,8370301003574,株式会社ダンライフ,1,298000
1759,1370201003276,ティーエム巧産株式会社,1,296000
1760,1370001002437,株式会社東北三恵,1,293000
1761,8370001008337,株式会社澤口協同会計事務所,1,290000
1762,8370001014863,株式会社アイ・セット,1,287000
1763,4370005001853,医療法人社団菊地内科クリニック,1,282000
1764,2370001022418,株式会社匠レストランズ,1,280000
1765,9370001013385,株式会社マイホームデザイン,1,275000
1766,3370001016393,株式会社アルベートサム,1,273000
1767,2370001022517,株式会社プリサート,1,270000
1768,7370801001789,株式会社ＱＥＪ,1,260000
1769,6390001014104,株式会社石山機工,1,254107
1770,1370001019340,株式会社タクミ配送,1,250000
1771,1370005001146,医療法人社団漆山医院,1,250000
1772,1370005002061,医療法人台原内科クリニック,1,250000
1773,1370005002235,医療法人社団広安会,1,250000
1774,1370005002870,医療法人社団全人会トータル・デンタル・クリニック,1,250000
1775,1370205001185,医療法人佐久間内科医院,1,250000
1776,1370305000450,医療法人佐久間眼科小児科医院,1,250000
1777,1370305000814,医療法人社団箕田内科クリニック,1,250000
1778,1370605000068,医療法人社団刀根歯科医院,1,250000
1779,1370805000561,医療法人こせき皮膚科クリニック,1,250000
1780,2370005003389,一般財団法人杜の都産業保健会,1,250000
1781,2370305000441,医療法人社団佐藤整形外科医院,1,250000
1782,3370001025436,株式会社エスケン,1,250000
1783,3370005001219,医療法人広愛会松原医院,1,250000
1784,3370805000436,医療法人社団名取駅東口クリニック,1,250000
1785,4370005001820,医療法人社団結城産婦人科医院,1,250000
1786,4370005002505,医療法人社団桂和会,1,250000
1787,4370005003783,医療法人おおのだ田中クリニック,1,250000
1788,4370205001760,医療法人沢辺歯科クリニック,1,250000
1789,4370305000423,医療法人相沢泌尿器科医院,1,250000
1790,4370305000472,医療法人社団六郷耳鼻咽喉科,1,250000
1791,5370005002867,医療法人昭仁会明石台レディースクリニック,1,250000
1792,6370005002362,医療法人社団嘉数会,1,250000
1793,6370005009960,医療法人ハピネス,1,250000
1794,6370005010209,医療法人じん整形外科クリニック,1,250000
1795,6370205001957,医療法人広伸会わたなべ皮フ科クリニック,1,250000
1796,6370405000569,医療法人社団厚和会佐藤医院,1,250000
1797,6370605000055,医療法人社団さとう整形外科クリニック,1,250000
1798,7370405000477,医療法人社団小澤医院,1,250000
1799,8370005001214,医療法人光萩会大内歯科診療所,1,250000
1800,8370005001222,医療法人社団小山皮フ科クリニック,1,250000
1801,8370005001965,医療法人社団青葉会,1,250000
1802,8370105001106,医療法人社団小川整形外科クリニック,1,250000
1803,8370305000428,医療法人阿部こどもクリニック,1,250000
1804,9370005001171,医療法人社団イギスクリニック,1,250000
1805,9370005001254,医療法人社団杉山内科消化器科医院,1,250000
1806,9370005009792,医療法人誠明昂会,1,250000
1807,9370105001261,医療法人梅津内科医院,1,250000
1808,5370001006839,株式会社安全サービスセンター,1,247000
1809,6370001002622,株式会社一条工務店宮城,1,245000
1810,1370001011900,株式会社健生,1,243000
1811,1370001020067,大場設備工業株式会社,1,243000
1812,3370001022235,株式会社ＳＲＩＡ,1,243000
1813,3370801001982,フェニックス株式会社,1,243000
1814,6370002001086,有限会社仙秋工業,1,243000
1815,7370301000969,桃建工業株式会社,1,243000
1816,8370001002991,株式会社ゴールデンフット,1,243000
1817,8370003001950,合同会社ベネフィット,1,243000
1818,7370005001256,医療法人星陵会,1,240000
1819,4370003001632,株式会社リバコム,1,239000
1820,5370301001457,株式会社街づくりまんぼう,1,236000
1821,6370001002985,株式会社コウユウ,1,232000
1822,7370001003636,鉄屋機械工業株式会社,1,228000
1823,2370001014571,株式会社サイトホーム,1,227900
1824,7370001039993,株式会社ＹＯＵＴＨ,1,226000
1825,1370001012543,株式会社本間青果,1,225000
1826,3370002007490,有限会社ササキ創芸,1,225000
1827,4370001001881,株式会社ゼンシン,1,225000
1828,5370401000937,株式会社木もれ陽,1,225000
1829,8370005001370,学校法人ろりぽっぷ学園,1,225000
1830,8370201004004,株式会社エイエム・ファーマシー,1,224000
1831,7370001019450,株式会社プレスト,1,223000
1832,1370001041261,萱場Ｓ工業株式会社,1,221000
1833,7370005001438,学校法人陸奥国分寺学園,1,216000
1834,8370001000764,株式会社ジェイネックス,1,216000
1835,2370301002648,株式会社エムコーポレーション,1,214000
1836,8370001041073,ロンディネ株式会社,1,213000
1837,5370001008356,株式会社サイバー・ソリューションズ,1,210000
1838,9430001040183,ライテックス株式会社,1,210000
1839,5370001013315,セキスイファミエス東北株式会社,1,208000
1840,5370001044260,株式会社オルテリフォーム,1,208000
1841,8370501000958,株式会社リトルピピ,1,206000
1842,5370102002365,有限会社蔵王プロヴァンスファーム,1,202500
1843,1370002017252,有限会社リンクス,1,202000
1844,3370001018010,株式会社ライト,1,200000
1845,3370002006609,株式会社案内,1,200000
1846,3370002008340,有限会社二宮薬局,1,200000
1847,3370201002103,株式会社アサヒ薬局,1,200000
1848,3370302002646,有限会社へびた調剤薬局,1,200000
1849,3370602000894,有限会社新浜薬局,1,200000
1850,4370202000674,有限会社タジリ薬局,1,200000
1851,5370405000504,みやぎ登米農業協同組合,1,200000
1852,6370101000063,株式会社銀座薬局,1,200000
1853,7370102000672,株式会社Ｍｉｒｉｚ,1,200000
1854,7370302002064,有限会社星薬局,1,200000
1855,7370501000364,株式会社南郷調剤薬局,1,200000
1856,2370801001892,株式会社はこづか調剤薬局,1,198000
1857,9370302001808,有限会社二宮調剤薬局,1,198000
1858,2370802002221,有限会社さざんか薬局,1,196000
1859,2370001003046,サイデック株式会社,1,195000
1860,8370205001427,医療法人社団勝和会,1,195000
1861,7370001047872,株式会社一建,1,191000
1862,7370205001766,医療法人佳仁会,1,188000
1863,1370201003160,株式会社宮城化成,1,182000
1864,7370202004078,有限会社ヒーロー,1,181500
1865,1370001016775,株式会社佐藤ホールディングス,1,180000
1866,5370001010964,株式会社仙台昭和化学研究所,1,179000
1867,6370001015715,樹志コーポレーション株式会社,1,178000
1868,7370001021159,株式会社Ｍａｇｅｎｔａ,1,178000
1869,2370202004371,有限会社協和テック,1,177000
1870,5370002005451,有限会社大地建設,1,174000
1871,4370001040797,株式会社ワオナス,1,170000
1872,8370001042757,株式会社粋巧舎,1,164000
1873,1370001020133,株式会社向山動物病院,1,162000
1874,3370001019999,株式会社東北Ｒｅアース,1,162000
1875,3370601002941,株式会社高橋機工,1,162000
1876,4370102001509,有限会社石井モータース,1,162000
1877,5370001024394,株式会社ウエスト産業,1,162000
1878,6370001038939,株式会社アイシス,1,162000
1879,6370601002798,株式会社センターキッチン,1,162000
1880,7370001009848,株式会社半沢建設,1,162000
1881,7370001040142,株式会社エルプレイス,1,162000
1882,7370001040290,株式会社トラストワン,1,162000
1883,7370001042139,株式会社松屋,1,162000
1884,8370002008245,有限会社豊原興業,1,162000
1885,8370805000563,一般社団法人こねくと,1,162000
1886,9370001024135,株式会社ＡｐｐＲｕｎｓ,1,162000
1887,9370001002454,株式会社東北ヨシオカ,1,159000
1888,1370001001208,ミナト電気株式会社,1,157000
1889,1370002013383,有限会社防災エンジニアリング,1,157000
1890,5370002004206,有限会社渡源,1,157000
1891,9370002008698,有限会社まる進,1,152934
1892,4370202001202,有限会社よしだ,1,152000
1893,3370001011394,東北住宅興業株式会社,1,150000
1894,3370301002424,株式会社日総,1,150000
1895,4370003000989,合資会社トイズ,1,150000
1896,4370301002910,伊達オートサービス株式会社,1,150000
1897,5370001013570,株式会社エスポコーポレーション,1,150000
1898,5370001024155,大日工事株式会社,1,150000
1899,5370201002365,株式会社中文,1,150000
1900,6370001023593,株式会社ファイン,1,150000
1901,6370001045191,株式会社至花,1,150000
1902,8370003003526,いぶき合同会社,1,150000
1903,9370001002611,株式会社インターディメンションズ,1,150000
1904,9370001008229,株式会社佐々木義肢製作所,1,150000
1905,2370502000079,有限会社エース産業,1,148000
1906,7370001024401,株式会社　ａ　ｐａｒｔ　ｏｆ　ｌｉｆｅ,1,141000
1907,1370001020117,株式会社人事・教育サービス,1,135000
1908,3370001001081,東日本電子計測株式会社,1,135000
1909,6370205001387,社会福祉法人美里町社会福祉協議会,1,131000
1910,2370001024934,株式会社スズキ電気,1,129000
1911,2370001019141,株式会社ネクサス,1,123000
1912,9370805000257,学校法人やました学園,1,118000
1913,2370003004406,大﨑ワイナリー合同会社,1,114000
1914,5370805000087,公益財団法人名取市文化振興財団,1,111000
1915,7370805000440,学校法人わかば学園,1,107000
1916,1370601003108,株式会社フェリーチェ,1,105000
1917,1370005002813,医療法人社団益和会富谷医院,1,100000
1918,2370005000254,一般財団法人東北精神保健会,1,100000
1919,2370005002928,医療法人ならの杜,1,100000
1920,2370105001103,医療法人安達同済会,1,100000
1921,2370805000255,医療法人育志会,1,100000
1922,3370005001227,医療法人香木会伊藤病院,1,100000
1923,3370605000603,医療法人社団俊仁会,1,100000
1924,5370005001357,医療法人社団渡辺眼科医院,1,100000
1925,6370005001166,医療法人社団聖育会,1,100000
1926,6370005002577,医療法人社団関逓会,1,100000
1927,6370205000356,医療法人社団清靖会,1,100000
1928,7370005002246,医療法人社団けやき会,1,100000
1929,7370105001263,医療法人社団蔵王会,1,100000
1930,9370005001353,医療法人吉田報恩会,1,100000
1931,9370105001105,医療法人社団大槻明徳会,1,100000
1932,9370605000052,医療法人敬仁会遠藤医院,1,100000
1933,9370805000298,医療法人社団熊野会,1,100000
1934,6370005003030,一般財団法人東北多文化アカデミー,1,98000
1935,6370001021671,プロボディー仙台株式会社,1,97000
1936,7370001012645,株式会社敬愛,1,97000
1937,1370001012799,株式会社コーディアルコンサルティング＆ソリューションズ,1,82000
1938,1370001020182,株式会社太白カントリークラブ,1,82000
1939,1370002007798,有限会社鈴木写真館,1,82000
1940,2370005001351,医療法人社団裕歯会,1,82000
1941,3370205001290,社会福祉法人色麻町社会福祉協議会,1,82000
1942,3370302000030,有限会社アイ・エフ・エス,1,82000
1943,9370001043523,東北アースシステムズ株式会社,1,82000
1944,1370005001220,医療法人社団浩然会,1,80000
1945,1370005001229,医療法人佐竹医院,1,80000
1946,1370005002441,医療法人東岡内科醫院,1,80000
1947,1370005002623,医療法人西隆会,1,80000
1948,1370005002895,医療法人社団ひかる会,1,80000
1949,1370005009263,医療法人社団ハピタル,1,80000
1950,1370005009362,医療法人社団仙台頭痛脳神経クリニック,1,80000
1951,1370005009478,医療法人豊生会,1,80000
1952,1370005010411,医療法人芳松会,1,80000
1953,1370305000459,医療法人中山こどもクリニック,1,80000
1954,1370305000657,医療法人清芳会,1,80000
1955,1370805000207,医療法人社団茜会,1,80000
1956,2370005001153,医療法人社団一陽会,1,80000
1957,2370005001161,医療法人社団今井眼科医院,1,80000
1958,2370005001244,医療法人三六会,1,80000
1959,2370005001855,医療法人あいびー,1,80000
1960,2370005002366,医療法人社団尚瑶会,1,80000
1961,2370005003455,医療法人正仁会,1,80000
1962,2370005004057,医療法人社団桜信会,1,80000
1963,2370005009485,医療法人健誠会,1,80000
1964,2370005010204,医療法人原田会,1,80000
1965,2370005010402,医療法人仁正会さとう腎臓内科ひ尿器科,1,80000
1966,2370405000473,医療法人おおさか歯科医院,1,80000
1967,2370605000050,医療法人社団邦友会,1,80000
1968,2370605000315,医療法人社団巽会,1,80000
1969,3370005001177,医療法人大竹整形外科医院,1,80000
1970,3370005001243,医療法人社団昭平会,1,80000
1971,3370005001326,医療法人社団福室クリニック,1,80000
1972,3370005001813,医療法人社団丸山アレルギークリニック,1,80000
1973,3370005002506,医療法人楽生会,1,80000
1974,3370005002522,医療法人社団長生会,1,80000
1975,3370005002976,医療法人青楓会,1,80000
1976,3370005003776,医療法人常寿会,1,80000
1977,3370005003999,医療法人社団　歯科クレール,1,80000
1978,3370005009014,医療法人怜明会,1,80000
1979,3370005009360,医療法人博良会,1,80000
1980,3370005010038,医療法人緑梓会,1,80000
1981,3370005010129,医療法人向日葵会,1,80000
1982,3370005010392,医療法人壮健会,1,80000
1983,3370105000095,一般財団法人善積回春会,1,80000
1984,3370105000120,医療法人社団博優会,1,80000
1985,3370205001035,医療法人遊佐クリニック,1,80000
1986,3370305000754,医療法人社団景久会,1,80000
1987,3370405000480,医療法人社団遊佐内科胃腸科医院,1,80000
1988,3370505000298,医療法人社団万仁堂,1,80000
1989,4370005001201,医療法人社団国見会,1,80000
1990,4370005001259,医療法人社団セントラル第一歯科クリニック,1,80000
1991,4370005002975,医療法人秀放会,1,80000
1992,4370005009954,医療法人双桜会,1,80000
1993,4370005010128,医療法人社団巧望会,1,80000
1994,4370005010409,医療法人社団誠母至豊会,1,80000
1995,4370205001769,医療法人有朋会,1,80000
1996,4370605000338,医療法人かしま田園クリニック,1,80000
1997,4370805000212,医療法人済生堂医院,1,80000
1998,5370005001209,医療法人社団けやきの杜審美会,1,80000
1999,5370005002371,医療法人社団興野内科医院,1,80000
2000,5370005002702,医療法人社団誠歯会,1,80000
2001,5370005003114,医療法人松の葉,1,80000
2002,5370005009482,医療法人藤田会,1,80000
2003,5370005009961,医療法人かんとうクリニック,1,80000
2004,5370005010300,医療法人桜李会,1,80000
2005,5370205001413,医療法人社団遊心会,1,80000
2006,5370305000463,医療法人社団博秀会藤野歯科クリニック,1,80000
2007,5370305000645,医療法人社団いしがきみみはなのどクリニック,1,80000
2008,6370005001216,医療法人社団弘玄会,1,80000
2009,6370005001281,医療法人社団谷整形外科クリニック,1,80000
2010,6370005001975,医療法人白楊会,1,80000
2011,6370005002016,医療法人明徳会,1,80000
2012,6370005002107,医療法人社団香佑会,1,80000
2013,6370005003872,医療法人南吉成,1,80000
2014,6370005003996,医療法人仙台東口矯正歯科,1,80000
2015,6370005009119,医療法人社団三七三会,1,80000
2016,6370005009366,医療法人小松こども歯科,1,80000
2017,6370005009481,医療法人怜翔会,1,80000
2018,6370305000652,医療法人こばやし医院,1,80000
2019,6370405000478,医療法人社団明德会森整形外科医院,1,80000
2020,6370505000048,医療法人武田眼科医院,1,80000
2021,6370505000056,医療法人社団康仁会,1,80000
2022,6370605000047,医療法人清宮眼科医院,1,80000
2023,7370005001223,医療法人康志会,1,80000
2024,7370005002106,医療法人きんぱらクリニック,1,80000
2025,7370005004003,医療法人緑友会,1,80000
2026,7370005010125,医療法人長谷川矯正歯科クリニック,1,80000
2027,7370405000485,医療法人二瓶内科胃腸科医院,1,80000
2028,7370805000432,医療法人社団陽光会西陵内科,1,80000
2029,8370005001354,医療法人よしむら皮フ科クリニック,1,80000
2030,8370005009257,医療法人まつもり耳鼻咽喉科,1,80000
2031,8370005009488,医療法人愛日会,1,80000
2032,8370105000116,医療法人社団康和会,1,80000
2033,8370205000081,医療法人渋谷皮膚科泌尿器科医院,1,80000
2034,8370205000354,医療法人社団古川中央眼科,1,80000
2035,8370405000402,医療法人理仁会,1,80000
2036,8370405000641,医療法人あおば会,1,80000
2037,8370505000046,医療法人公孫樹会,1,80000
2038,9370005000017,一般社団法人仙台歯科医師会,1,80000
2039,9370005001295,医療法人社団桃生会,1,80000
2040,9370005001972,医療法人社団おくやまアイクリニック,1,80000
2041,9370005002005,医療法人聖英会,1,80000
2042,9370005002517,医療法人社団曽木会,1,80000
2043,9370105000115,医療法人村川医院,1,80000
2044,9370105001229,医療法人社団恒心会佐藤医院,1,80000
2045,9370105001526,医療法人ふなばさま医院,1,80000
2046,9370205000089,医療法人泰永会,1,80000
2047,9370205001401,医療法人Ｎ１,1,80000
2048,9370205001517,医療法人社団修恵会,1,80000
2049,9370205001772,医療法人社団秀美会,1,80000
2050,9370305000451,医療法人高橋消化器内科,1,80000
2051,9370405000483,医療法人社団亮梓会,1,80000
2052,9370505000045,医療法人社団晃和会,1,80000
2053,9370605000325,医療法人沼崎クリニック,1,80000
2054,9370605000606,医療法人報徳会,1,80000
2055,9370805000208,医療法人社団青藍会,1,80000
2056,9370805000439,医療法人良睦会,1,80000
2057,2370005001293,医療法人社団千葉内科クリニック,1,79000
2058,1370005002367,医療法人社団三史会,1,78000
2059,8370102002239,有限会社アイヴィック,1,78000
2060,9370005001213,医療法人社団貢睦会,1,77000
2061,1370001008401,新東北化学工業株式会社,1,75000
2062,1370001045766,株式会社バサラ,1,75000
2063,5370005009128,税理士法人ｓ．ｍ．ｃｏｎｓｕｌｔｉｎｇ,1,75000
2064,6370001025169,ＲＥＧＡＬＩＡ株式会社,1,75000
2065,7370205001386,医療法人社団丸愛会伊藤医院,1,75000
2066,8370001024284,株式会社ディーエムピー,1,75000
2067,8370001039976,株式会社Ｋ・コンシェルジュ,1,75000
2068,9370201002915,株式会社コボリ東北,1,75000
2069,3370001042860,株式会社達フードサービス,1,70000
2070,3370001020973,株式会社耕,1,66000
2071,1370002012559,有限会社ドリーム調剤薬局,1,60000
2072,5370302000904,有限会社穀町調剤薬局,1,60000
2073,5370302002223,有限会社万石調剤薬局,1,60000
2074,6410002005974,有限会社フレンズ,1,60000
2075,7370001040720,株式会社絆訪問看護ステーション,1,60000
2076,7370002016083,有限会社ホームナース仙台,1,60000
2077,7370302000092,有限会社阿部薬局,1,60000
2078,8370302001461,有限会社たかぎ調剤薬局,1,60000
2079,8370502000255,有限会社グリーン薬局,1,60000
2080,9370102000101,有限会社大槻薬局,1,60000
2081,9370301000868,株式会社中央薬局,1,60000
2082,9370502000155,有限会社オルセー薬局,1,60000
2083,9370801001291,株式会社杜の都調剤薬局,1,60000
2084,3370105001267,一般社団法人白石市医師会,1,59000
2085,7370001040811,株式会社遠藤畜産,1,57000
2086,2370805000214,医療法人社団斉藤歯科医院,1,56000
2087,4370005001291,医療法人社団千葉神経科内科クリニック,1,55000
2088,6370205001412,医療法人心の郷,1,54000
2089,3370105000112,医療法人社団英仁会,1,53000
2090,4370003003843,合同会社平沢畜産,1,52500
2091,2370001014282,株式会社ＹＵＣＯＭ,1,48000
2092,8370001038664,株式会社ＭＲファーム,1,45000
2093,2370005009015,医療法人七北田クリニック,1,40000
2094,5370005003873,医療法人社団太陽会,1,37000
2095,6370005002180,特定非営利活動法人雲母倶楽部,1,37000
2096,3370301002738,株式会社鈴木ファーム,1,33750
2097,7370605000070,医療法人社団にしむら整形外科,1,29000
2098,2370005001483,社会福祉法人仙台キリスト教育児院,1,28000
2099,9370003005942,小堀ファーム合同会社,1,28000
2100,1370201003763,株式会社黒澤,1,21000
2101,6370001046256,株式会社丹野ファーム,1,17000
2102,3370005003859,インテグリ税理士法人,1,13000
2103,9370001022758,マリッジ株式会社,1,7000
2104,8370005001288,医療法人社団千葉クリニック,1,6000
2105,3370305000449,医療法人きし内科クリニック,1,4500
2106,3370005003462,医療法人ふくじゅ草,1,4000
2107,4370005003461,医療法人やすだクリニック,1,2500
2108,5370005001290,医療法人千田クリニック,1,2500
2109,1370005002697,医療法人社団豊仙会,1,2000
2110,7370305000651,医療法人光義会,1,2000
2111,1370001009077,第一物産株式会社,1,0
2112,1370001015389,インターフェース工学株式会社,1,0
2113,1370001017014,株式会社蔵王わくわくファーム,1,0
2114,1370001018755,株式会社すずや穀物,1,0
2115,1370001019927,株式会社エル・クロス,1,0
2116,1370001023292,エーエスジェイ株式会社,1,0
2117,1370001024084,株式会社ペントハウス,1,0
2118,1370001025074,株式会社ＣＵＳＩＣ,1,0
2119,1370001039842,株式会社福興舎,1,0
2120,1370001040701,株式会社ゴリラファーム,1,0
2121,1370001040833,アクアビット・ファクトリー株式会社,1,0
2122,1370001040858,株式会社ツーエーテック,1,0
2123,1370001042020,株式会社ｆｕｊｉｍｕｒａ,1,0
2124,1370001043381,株式会社ａｓｉＣａ,1,0
2125,1370002000563,有限会社冠,1,0
2126,1370002002122,有限会社ミヤギビジネスホテル,1,0
2127,1370002020000,有限会社機械工房,1,0
2128,1370003004010,Ｃｏｕｎｔｒｙ　Ｓｉｄｅ　Ｇａｒａｇｅ合同会社,1,0
2129,1370003004514,合同会社サクセス,1,0
2130,1370101002262,株式会社フリゴレス,1,0
2131,1370103000017,合資会社大德呉服店,1,0
2132,1370201003326,株式会社モードクリハラ,1,0
2133,1370201003557,株式会社アーバンディレクト,1,0
2134,1370202003556,有限会社魚春,1,0
2135,1370202004620,有限会社千田クリーニング,1,0
2136,1370301001279,ミツワフーズ株式会社,1,0
2137,1370302000866,有限会社熊谷産業,1,0
2138,1370501000502,株式会社森谷組,1,0
2139,1370601002349,株式会社システム・エイブル,1,0
2140,1370601002984,株式会社シマムラ,1,0
2141,1370601003280,株式会社鈴国,1,0
2142,1370602001655,有限会社ホテル浦嶋荘,1,0
2143,2370001017954,横山興業株式会社,1,0
2144,2370001019752,株式会社アイ・パートナーズ,1,0
2145,2370001020058,株式会社みかげ家,1,0
2146,2370001025214,株式会社Ｅｖｅｒｇｒｅｅｎ,1,0
2147,2370001039577,株式会社ヤマダ,1,0
2148,2370001040717,株式会社Ｈ＆Ｋうまづらカンパニー,1,0
2149,2370001040799,ｎｅｘ株式会社,1,0
2150,2370001042705,ノヴァテックエヌイー株式会社,1,0
2151,2370001044569,株式会社ＵＳリサーチ,1,0
2152,2370002013572,株式会社マルイ商事,1,0
2153,2370003004026,Ｍｏｎｄａｙ　Ｍｏｒｎｉｎｇ合同会社,1,0
2154,2370101001008,大宮住宅産業株式会社,1,0
2155,2370101001073,船山建設株式会社,1,0
2156,2370301000817,株式会社タケダ,1,0
2157,2370301002887,株式会社ギャルソン,1,0
2158,2370302002655,有限会社三浦屋,1,0
2159,2370501000055,株式会社男山本店,1,0
2160,2370501000781,株式会社ラウンジ・デコ,1,0
2161,2370601002587,株式会社さんとり茶屋,1,0
2162,2370601002678,五光食品株式会社,1,0
2163,2370602001794,有限会社松島佐藤新聞店,1,0
2164,2370602003246,有限会社菅野,1,0
2165,2370603000011,合資会社荒井時計店,1,0
2166,2370801001331,株式会社創惠,1,0
2167,2370801001579,株式会社宗,1,0
2168,3370001003516,株式会社武田染工場,1,0
2169,3370001013746,株式会社アジャストコミュニケーション,1,0
2170,3370001015569,株式会社マルナカ美建,1,0
2171,3370001020726,株式会社ＳＨＩＭＡ．Ｙ．Ｆアカデミー,1,0
2172,3370001025147,株式会社Ｐｉｅｚｏ　Ｓｔｕｄｉｏ,1,0
2173,3370001025691,ケービー・テック株式会社,1,0
2174,3370001031632,株式会社トラストパートナー,1,0
2175,3370001039213,株式会社人と動物の絆,1,0
2176,3370001041276,宮城こなもん本舗株式会社,1,0
2177,3370001043149,株式会社ファンファクトリー,1,0
2178,3370003001278,合資会社内ケ崎酒造店,1,0
2179,3370201003729,株式会社佐藤電機,1,0
2180,3370202003637,有限会社イノマタ精機,1,0
2181,3370301001095,株式会社布施商店,1,0
2182,3370301001491,株式会社金華山観光,1,0
2183,3370501000046,株式会社及川モータース,1,0
2184,3370502000441,有限会社かね久海産,1,0
2185,3370801000638,ジェミニオート常磐山元株式会社,1,0
2186,3370801001553,田所食品株式会社,1,0
2187,3380002018933,株式会社福膳,1,0
2188,4370001002178,フェニックスネットワーク株式会社,1,0
2189,4370001015295,スモリホールディングス株式会社,1,0
2190,4370001022226,株式会社ハーフウェイ,1,0
2191,4370001041795,かえる不動産株式会社,1,0
2192,4370001041911,株式会社ＫＴＳプラン,1,0
2193,4370002007481,有限会社サクラソイル,1,0
2194,4370002017852,有限会社マツド,1,0
2195,4370101001113,株式会社岡田石材工業,1,0
2196,4370201003364,株式会社オート・ガレージ・ライズ,1,0
2197,4370201003736,株式会社ＡＳＫ,1,0
2198,4370201003967,日本総合衛生科学株式会社,1,0
2199,4370202004758,有限会社三浦酒舗,1,0
2200,4370301002522,株式会社奥松島水産,1,0
2201,4370301002984,株式会社泊環境,1,0
2202,4370301003090,株式会社鵜の助,1,0
2203,4370301003215,末永九兵衛商店株式会社,1,0
2204,4370302001861,有限会社林屋呉服店,1,0
2205,4370302002760,有限会社ササキ設計,1,0
2206,4370501000276,株式会社鈴木金物店,1,0
2207,4370602000241,有限会社鰻・若松商店,1,0
2208,4370602000943,有限会社白石クリーニング商会,1,0
2209,4370602002023,有限会社リビングショップ・スガヤ,1,0
2210,4370803000123,合同会社ｐｒｉｍｏ,1,0
2211,5370001010543,株式会社ムツミヤ,1,0
2212,5370001015591,株式会社こころの建設,1,0
2213,5370001016004,株式会社スミレコーポレーション,1,0
2214,5370001023140,株式会社インフィニット,1,0
2215,5370001024097,リヒテンドゥーシェ株式会社,1,0
2216,5370001024626,ワタナベシーリング株式会社,1,0
2217,5370001024997,株式会社想ｃｏｒｐｏｒａｔｉｏｎ,1,0
2218,5370001038626,株式会社わごう,1,0
2219,5370001042223,株式会社クラウドスミス,1,0
2220,5370001042751,株式会社４ｌｉｆｅ,1,0
2221,5370002004726,有限会社御菓子処モリヤ,1,0
2222,5370002018957,有限会社ビーアンドジェイコーポレーション,1,0
2223,5370003001417,合同会社シュリーヨーガ,1,0
2224,5370003001474,合同会社Ｋプランナー,1,0
2225,5370102000682,有限会社渡建,1,0
2226,5370102002290,有限会社大庭スポーツ,1,0
2227,5370105000127,村田町商工会,1,0
2228,5370201002968,株式会社箸屋,1,0
2229,5370201003132,株式会社久我,1,0
2230,5370202003222,有限会社ジャンボン・メゾン,1,0
2231,5370301002918,株式会社海遊,1,0
2232,5370302001654,有限会社ティスティ伊藤,1,0
2233,5370302001919,有限会社日和建設工業,1,0
2234,5370501000151,株式会社倉元,1,0
2235,5370502000290,有限会社気仙沼河童堂,1,0
2236,5370601000786,株式会社まるいち,1,0
2237,5370601002824,株式会社ｐｒｏｄｕｃｅ・Ｄ,1,0
2238,5370602001552,有限会社ファソン・ドゥ・ドイ,1,0
2239,5370801000256,株式会社システムエイジ,1,0
2240,5370802000619,有限会社丸七佐藤水産,1,0
2241,6011103003833,ＳＳＳ合同会社,1,0
2242,6370001000700,サン工業株式会社,1,0
2243,6370001000790,株式会社ジャック,1,0
2244,6370001009700,株式会社ニューローズ,1,0
2245,6370001010063,株式会社藤吉畳店,1,0
2246,6370001017513,株式会社サンエーテック,1,0
2247,6370001020368,株式会社ジューシーオレンジ,1,0
2248,6370001021325,株式会社エイチ・ティー・プランニング,1,0
2249,6370001038922,株式会社アイ・アール・エイチ,1,0
2250,6370001042809,株式会社多賀城ＤＭＣ,1,0
2251,6370001043815,株式会社バンデ,1,0
2252,6370002007513,有限会社サチオン,1,0
2253,6370002018709,有限会社ＤｏｎａＢｏｎａ,1,0
2254,6370003003800,合同会社ＭＡＢ,1,0
2255,6370102000327,有限会社すしたけ,1,0
2256,6370105000126,柴田町商工会,1,0
2257,6370201000426,株式会社ホリマン,1,0
2258,6370201002876,株式会社遊佐建築,1,0
2259,6370201003973,株式会社さぶん酒店,1,0
2260,6370205001528,栗駒鶯沢商工会,1,0
2261,6370301003353,株式会社ＥＬＥＣＯＮ,1,0
2262,6370302002453,有限会社ヤママン遠藤商店,1,0
2263,6370401000028,株式会社北上食品工業,1,0
2264,6370401000985,株式会社ＮＡＲＩＤＡヘルスサポート,1,0
2265,6370501000563,株式会社佐長商店,1,0
2266,6370501000605,株式会社マルヤ五洋水産,1,0
2267,6370502000653,有限会社チトセ,1,0
2268,6370502000926,有限会社盛屋水産,1,0
2269,6370601000728,株式会社ベルシステム,1,0
2270,6370601003037,株式会社菜花空調,1,0
2271,6370601003061,株式会社ケーエスコーポレーション,1,0
2272,6370602000883,有限会社品川商事,1,0
2273,6370802000279,有限会社さとう印刷,1,0
2274,7370001002729,株式会社ビー・プロ,1,0
2275,7370001019112,スタイルネットワーク株式会社,1,0
2276,7370001039556,株式会社ｖｅｅｅｌｌ,1,0
2277,7370001039936,株式会社農直ＨＯＮＯＫＡ,1,0
2278,7370001041033,株式会社ソライエ,1,0
2279,7370001041264,東北非常用発電負荷試験株式会社,1,0
2280,7370001041413,株式会社ＭＩＴＵ,1,0
2281,7370001041529,株式会社グリーディー,1,0
2282,7370001041966,エントワデザイン株式会社,1,0
2283,7370001042584,株式会社２ｎｄ　ｐｌａｃｅ,1,0
2284,7370001043087,ザミラ株式会社,1,0
2285,7370001043780,株式会社山神や,1,0
2286,7370001043896,株式会社ケンジン,1,0
2287,7370002017073,株式会社シーズ,1,0
2288,7370003004392,合同会社小川錦織一級建築士事務所,1,0
2289,7370005010034,医療法人幸健会,1,0
2290,7370202005200,有限会社菅原食品販売,1,0
2291,7370301001166,丸多喜水産株式会社,1,0
2292,7370302001933,有限会社ひらつか美容室,1,0
2293,7370501000100,株式会社金原,1,0
2294,7370501000546,株式会社及善商店,1,0
2295,7370502000900,有限会社ミートよねくら,1,0
2296,7370801001442,株式会社たかはし,1,0
2297,8370001001985,株式会社トーキン,1,0
2298,8370001012322,株式会社インター・サポート,1,0
2299,8370001016059,株式会社Ｈ２Ｋ,1,0
2300,8370001019417,株式会社ユジクラフト,1,0
2301,8370001020069,株式会社リヨンリヨン,1,0
2302,8370001039571,株式会社塩釜水産振興センター,1,0
2303,8370001040075,株式会社東北ドローン,1,0
2304,8370001041577,株式会社イースミール,1,0
2305,8370001042162,株式会社吉藤工業,1,0
2306,8370001043953,株式会社つつみ庵,1,0
2307,8370002018129,有限会社トリニティ,1,0
2308,8370002020506,有限会社及川物産,1,0
2309,8370003004227,株式会社アールプラス,1,0
2310,8370201002148,株式会社佐藤石材工業,1,0
2311,8370201002354,デザイントーホク株式会社,1,0
2312,8370202004804,有限会社菅原オート商会,1,0
2313,8370301000076,アベフードシステム株式会社,1,0
2314,8370301002403,株式会社永岡ウエル工業所,1,0
2315,8370302001362,有限会社スガノ建設,1,0
2316,8370601000800,マルサン松並商店株式会社,1,0
2317,8370601002367,株式会社舘建工,1,0
2318,8370602000221,有限会社岩本建築,1,0
2319,8370602001343,有限会社土井精菓,1,0
2320,8370602001608,有限会社藤時,1,0
2321,8370602002374,有限会社伊藤工設計,1,0
2322,8370801001334,株式会社ＮＥＴプラス,1,0
2323,8370802001523,有限会社タダノ自動車,1,0
2324,9012802007857,有限会社サスペンド,1,0
2325,9370001014912,株式会社オリザ,1,0
2326,9370001017452,安藤タイヤ工業株式会社,1,0
2327,9370001021396,ライフ・ファクトリー株式会社,1,0
2328,9370001023277,株式会社ケルヒ,1,0
2329,9370001023500,株式会社インディアンヴィレッジ,1,0
2330,9370001023896,株式会社コンストラクト・モーメント,1,0
2331,9370001023905,株式会社唐龍,1,0
2332,9370001040347,ドラゴンプレス株式会社,1,0
2333,9370001040875,株式会社Ｆｏｔｏ　Ｒｅｉｓｅ,1,0
2334,9370001041386,株式会社Ｐｒｏｊｅｃｔ　Ａｇｅｎｔ,1,0
2335,9370001041931,株式会社ワイエスケー,1,0
2336,9370001043952,ＶｉｖａＷａｖｅ株式会社,1,0
2337,9370001044240,ａｉ未来株式会社,1,0
2338,9370001045024,スカイファーマ株式会社,1,0
2339,9370002009696,有限会社伊太利亭,1,0
2340,9370002010258,有限会社オランジュリー,1,0
2341,9370002012816,有限会社芭蕉園,1,0
2342,9370003004358,合同会社ｓｔａｄｉｕｍ,1,0
2343,9370202004646,有限会社ホンダセンター若柳,1,0
2344,9370301000199,株式会社梅本自動車工業,1,0
2345,9370301002930,株式会社ラポールヘア・グループ,1,0
2346,9370402002029,有限会社コンテナおおあみ,1,0
2347,9370501000123,株式会社かねせん,1,0
2348,9370501000148,株式会社キクチ巴商事,1,0
2349,9370501000882,株式会社あかふさ食品,1,0
2350,9370501001121,株式会社加藤建設,1,0
2351,9370502000056,有限会社いさみや,1,0
2352,9370601002242,株式会社丸勝会館,1,0
2353,9370601003471,東源物産株式会社,1,0
2354,9370602000864,有限会社志賀石材店,1,0
2355,9370801000120,株式会社スガショウ,1,0
